title,company,location,requirements,description,views_count,reviews_count
Middle Python Software Engineer (Prom.ua),EVO,–£–∫—Ä–∞—ó–Ω–∞,"['¬∑ Product', '¬∑ Office –∞–±–æ Remote', '¬∑ 3 —Ä–æ–∫–∏ –¥–æ—Å–≤—ñ–¥—É']","Prom.ua ‚Äì –Ω–∞–π–±—ñ–ª—å—à–∏–π –º–∞—Ä–∫–µ—Ç–ø–ª–µ–π—Å –£–∫—Ä–∞—ó–Ω–∏, –¥–µ –ø—Ä–æ–¥–∞—é—Ç—å—Å—è –ø–æ–Ω–∞–¥ 100 –º–ª–Ω —Ç–æ–≤–∞—Ä—ñ–≤ –≤—ñ–¥ –¥–µ—Å—è—Ç–∫—ñ–≤ —Ç–∏—Å—è—á –ø—ñ–¥–ø—Ä–∏—î–º—Ü—ñ–≤ –∑ —É—Å—ñ—î—ó –∫—Ä–∞—ó–Ω–∏. Prom.ua –≤ —Ü–∏—Ñ—Ä–∞—Ö: —â–æ–¥–Ω—è –º–∞—Ä–∫–µ—Ç–ø–ª–µ–π—Å –î–µ—Ç–∞–ª—å–Ω—ñ—à–µ",6,95
Back-End Python (Django) Developer,StrimkoSoft,–£–∫—Ä–∞—ó–Ω–∞,"['¬∑ –¢—ñ–ª—å–∫–∏ –≤—ñ–¥–¥–∞–ª–µ–Ω–æ', '¬∑ 5 —Ä–æ–∫—ñ–≤ –¥–æ—Å–≤—ñ–¥—É', '¬∑ Upper-Intermediate']",We are seeking an experienced Python Developer to join our development team and contribute to the enhancement of our backend systems. What you have: - Strong experience with –î–µ—Ç–∞–ª—å–Ω—ñ—à–µ,19,45
Senior Python Backend Engineer,Develux,–£–∫—Ä–∞—ó–Ω–∞ (–ö–∏—ó–≤),"['¬∑ Product', '¬∑ Office –∞–±–æ Remote', '¬∑ 5 —Ä–æ–∫—ñ–≤ –¥–æ—Å–≤—ñ–¥—É', '¬∑ Intermediate']",How old is the project? What stage is it at? We are in the ed-tech space helping hundreds of thousands of students deal with academic hurdles and questions. We have been –î–µ—Ç–∞–ª—å–Ω—ñ—à–µ,1,13
Senior Python Engineer,Stylus,–£–∫—Ä–∞—ó–Ω–∞ (–ö–∏—ó–≤),"['¬∑ Product', '¬∑ Office –∞–±–æ Remote', '¬∑ 5 —Ä–æ–∫—ñ–≤ –¥–æ—Å–≤—ñ–¥—É', '¬∑ Upper-Intermediate']","Stylus ‚Äî —É–∫—Ä–∞—ó–Ω—Å—å–∫–∞ –ø—Ä–æ–¥—É–∫—Ç–æ–≤–∞ –∫–æ–º–ø–∞–Ω—ñ—è, —è–∫–∞ —Ä–æ–∑—Ä–æ–±–ª—è—î –æ–¥–Ω–æ–π–º–µ–Ω–Ω–∏–π —ñ–Ω—Ç–µ—Ä–Ω–µ—Ç-–º–∞–≥–∞–∑–∏–Ω –∑ —à–∏—Ä–æ–∫–∏–º –∞—Å–æ—Ä—Ç–∏–º–µ–Ω—Ç–æ–º —Ü–∏—Ñ—Ä–æ–≤–æ—ó —Ç–µ—Ö–Ω—ñ–∫–∏, –ø–æ–±—É—Ç–æ–≤–æ–≥–æ –æ–±–ª–∞–¥–Ω–∞–Ω–Ω—è, –∫–Ω–∏–≥ —Ç–æ—â–æ. –Ñ –æ–¥–Ω–∏–º —ñ–∑ –î–µ—Ç–∞–ª—å–Ω—ñ—à–µ",2,23
Data and Machine Learning Engineer (Python),Softwarium,–£–∫—Ä–∞—ó–Ω–∞ (–ö–∏—ó–≤),"['¬∑ –¢—ñ–ª—å–∫–∏ –≤—ñ–¥–¥–∞–ª–µ–Ω–æ', '¬∑ 5 —Ä–æ–∫—ñ–≤ –¥–æ—Å–≤—ñ–¥—É', '¬∑ Intermediate']","We are, Softwarium ‚Äî Ukrainian outsourcing IT-company. We have been developing software for American, Canadian, and Norwegian clients in the education, healthcare, energy, and –î–µ—Ç–∞–ª—å–Ω—ñ—à–µ",4,21
Python Engineer with AI (Computer Vision),Adaptiq,"–ü–æ–ª—å—â–∞, –†—É–º—É–Ω—ñ—è","['¬∑ Product', '¬∑ –¢—ñ–ª—å–∫–∏ –≤—ñ–¥–¥–∞–ª–µ–Ω–æ', '¬∑ 5 —Ä–æ–∫—ñ–≤ –¥–æ—Å–≤—ñ–¥—É', '¬∑ Upper-Intermediate']","We are a pioneer in the field of Enhanced Sensory AI, and we are proud to say that we have transformed customer and field service sectors. With an impressive portfolio of patents –î–µ—Ç–∞–ª—å–Ω—ñ—à–µ",1,4
Python Developer,Yael Acceptic,–£–∫—Ä–∞—ó–Ω–∞,"['¬∑ Office –∞–±–æ Remote', '¬∑ 3 —Ä–æ–∫–∏ –¥–æ—Å–≤—ñ–¥—É', '¬∑ Upper-Intermediate']","Join our team as an experienced Python Developer, where you will take a role in building and optimizing our AWS cloud infrastructure. This position requires hands-on experience –î–µ—Ç–∞–ª—å–Ω—ñ—à–µ",17,61
AI Developer,Devico,"–£–∫—Ä–∞—ó–Ω–∞ (–í—ñ–Ω–Ω–∏—Ü—è, –•–∞—Ä–∫—ñ–≤)","['¬∑ –¢—ñ–ª—å–∫–∏ –≤—ñ–¥–¥–∞–ª–µ–Ω–æ', '¬∑ 5 —Ä–æ–∫—ñ–≤ –¥–æ—Å–≤—ñ–¥—É', '¬∑ Upper-Intermediate']",Devico is a hard-working and tight-knit team with first-rate experience in full-cycle Web and Mobile development. We help our global customers by providing hard-to-find technology –î–µ—Ç–∞–ª—å–Ω—ñ—à–µ,3,32
Senior Python Developer_Competency Lead,Develux,–£–∫—Ä–∞—ó–Ω–∞,"['¬∑ Office –∞–±–æ Remote', '¬∑ 5 —Ä–æ–∫—ñ–≤ –¥–æ—Å–≤—ñ–¥—É', '¬∑ Upper-Intermediate']",What are we doing? Develux is an IT consulting and software development company with products for the US market and outsourcing services worldwide. The company has been –î–µ—Ç–∞–ª—å–Ω—ñ—à–µ,1,10
Senior Python Developer,Luxoft,–£–∫—Ä–∞—ó–Ω–∞,"['¬∑ Office –∞–±–æ Remote', '¬∑ 3 —Ä–æ–∫–∏ –¥–æ—Å–≤—ñ–¥—É', '¬∑ Upper-Intermediate']",Project Description: One of the world's largest providers of products and services to the energy industry has a need to develop and support cloud-based enterprise information –î–µ—Ç–∞–ª—å–Ω—ñ—à–µ,5,23
Bot Developer in the Crypto Sector (Python / Zennoposter),Adsy,–£–∫—Ä–∞—ó–Ω–∞,"['¬∑ Product', '¬∑ –¢—ñ–ª—å–∫–∏ –≤—ñ–¥–¥–∞–ª–µ–Ω–æ', '¬∑ 2 —Ä–æ–∫–∏ –¥–æ—Å–≤—ñ–¥—É', '¬∑ Pre-Intermediate']","–®—É–∫–∞—é Python/Zennoposter –†–æ–∑—Ä–æ–±–Ω–∏–∫–∞, —è–∫–∏–π –º–æ–∂–µ –Ω–∞–ø–∏—Å–∞—Ç–∏ –±–æ—Ç–∞ –¥–ª—è —Å—Ç–≤–æ—Ä–µ–Ω–Ω—è –≥–∞–º–∞–Ω—Ü—ñ–≤ —É –±–ª–æ–∫—á–µ–π–Ω—ñ EVMOS (EVM –±–ª–æ–∫—á–µ–π–Ω –Ω–∞ Cosmos), –¥–ª—è –∞–≤—Ç–æ–º–∞—Ç–∏–∑–∞—Ü—ñ—ó —Ç–∞ –≤–∏–∫–æ–Ω–∞–Ω–Ω—è —Ä—ñ–∑–Ω–æ–º–∞–Ω—ñ—Ç–Ω–∏—Ö –¥—ñ–π –î–µ—Ç–∞–ª—å–Ω—ñ—à–µ",8,56
Python Developer (–†–∞–∑—Ä–∞–±–æ—Ç—á–∏–∫ –±–æ—Ç–∞ —É –∫—Ä–∏–ø—Ç–æ—Å–µ—Ä–µ–¥–æ–≤–∏—â—ñ),Adsy,–£–∫—Ä–∞—ó–Ω–∞,"['¬∑ Product', '¬∑ –¢—ñ–ª—å–∫–∏ –≤—ñ–¥–¥–∞–ª–µ–Ω–æ', '¬∑ 2 —Ä–æ–∫–∏ –¥–æ—Å–≤—ñ–¥—É', '¬∑ Intermediate']","–®—É–∫–∞—é Python/Zennoposter –†–æ–∑—Ä–æ–±–Ω–∏–∫–∞, —è–∫–∏–π –º–æ–∂–µ –Ω–∞–ø–∏—Å–∞—Ç–∏ –±–æ—Ç–∞ –¥–ª—è —Å—Ç–≤–æ—Ä–µ–Ω–Ω—è –≥–∞–º–∞–Ω—Ü—ñ–≤ —É –±–ª–æ–∫—á–µ–π–Ω—ñ EVMOS (EVM –±–ª–æ–∫—á–µ–π–Ω –Ω–∞ Cosmos), –¥–ª—è –∞–≤—Ç–æ–º–∞—Ç–∏–∑–∞—Ü—ñ—ó —Ç–∞ –≤–∏–∫–æ–Ω–∞–Ω–Ω—è —Ä—ñ–∑–Ω–æ–º–∞–Ω—ñ—Ç–Ω–∏—Ö –¥—ñ–π –î–µ—Ç–∞–ª—å–Ω—ñ—à–µ",7,85
Python Developer (Junior),Profisea,–£–∫—Ä–∞—ó–Ω–∞,"['¬∑ Product', '¬∑ –¢—ñ–ª—å–∫–∏ –≤—ñ–¥–¥–∞–ª–µ–Ω–æ', '¬∑ –ë–µ–∑ –¥–æ—Å–≤—ñ–¥—É', '¬∑ Upper-Intermediate']","We`re looking for our team Profisea Labs Junior Python Developer! Profisea Labs, an innovative cloud management platform, is capable of handling all the most painful –î–µ—Ç–∞–ª—å–Ω—ñ—à–µ",160,435
Senior Python (Computer Vision) Engineer/Poland or Romania,Adaptiq,"–ü–æ–ª—å—â–∞, –†—É–º—É–Ω—ñ—è","['¬∑ Product', '¬∑ –¢—ñ–ª—å–∫–∏ –≤—ñ–¥–¥–∞–ª–µ–Ω–æ', '¬∑ 5 —Ä–æ–∫—ñ–≤ –¥–æ—Å–≤—ñ–¥—É', '¬∑ Upper-Intermediate']","We are a pioneer in the field of Enhanced Sensory AI, and proud to say that we transformed customer and field service sectors. With an impressive portfolio of patents in AI and –î–µ—Ç–∞–ª—å–Ω—ñ—à–µ",2,19
Django Developer,Dataforest,"–ü–æ–ª—å—â–∞, –°–ª–æ–≤–∞—á—á–∏–Ω–∞, –°–ª–æ–≤–µ–Ω—ñ—è, –£–∫—Ä–∞—ó–Ω–∞ (–ö–∏—ó–≤)","['¬∑ Office –∞–±–æ Remote', '¬∑ 2 —Ä–æ–∫–∏ –¥–æ—Å–≤—ñ–¥—É', '¬∑ Upper-Intermediate']","Looking for a Django Developer to join the Dataforest team. If you are looking for a friendly team, a healthy working environment, and a flexible schedule ‚Äí you have found the –î–µ—Ç–∞–ª—å–Ω—ñ—à–µ",20,87
Python/Django Developer,Dataforest,–£–∫—Ä–∞—ó–Ω–∞,"['¬∑ Office –∞–±–æ Remote', '¬∑ 2 —Ä–æ–∫–∏ –¥–æ—Å–≤—ñ–¥—É', '¬∑ Upper-Intermediate']","If you want to join a profitable, high-growth Dataforest, where you will be working on a large, complex project with an ongoing, full-time position, then this is THE job for –î–µ—Ç–∞–ª—å–Ω—ñ—à–µ",18,127
Senior Python Developer for algorithm development Navigation App,Spreenauten,–ù—ñ–º–µ—á—á–∏–Ω–∞,"['¬∑ Product', '¬∑ Office –∞–±–æ Remote', '¬∑ 5 —Ä–æ–∫—ñ–≤ –¥–æ—Å–≤—ñ–¥—É', '¬∑ Intermediate']","Working Hours: Part-Time (4 hours per day), possibility for full-time Spreenauten GmbH is a mid-sized company with roots in DMR radio technology and a focus on software and –î–µ—Ç–∞–ª—å–Ω—ñ—à–µ",19,87
Python Developer,Trust-Sourcing,–£–∫—Ä–∞—ó–Ω–∞,"['¬∑ Product', '¬∑ –¢—ñ–ª—å–∫–∏ –≤—ñ–¥–¥–∞–ª–µ–Ω–æ', '¬∑ 3 —Ä–æ–∫–∏ –¥–æ—Å–≤—ñ–¥—É', '¬∑ Upper-Intermediate']",The Cloud Infrastructure team is looking for a Python Developer to work on our Cloud Infrastructure products. Our ideal candidate demonstrates a system-level experience while –î–µ—Ç–∞–ª—å–Ω—ñ—à–µ,2,53
Fullstack Engineer,First Digital Finance Corporation,–§—ñ–ª—ñ–ø–ø—ñ–Ω–∏,"['¬∑ Product', '¬∑ –¢—ñ–ª—å–∫–∏ –≤—ñ–¥–¥–∞–ª–µ–Ω–æ', '¬∑ 5 —Ä–æ–∫—ñ–≤ –¥–æ—Å–≤—ñ–¥—É']","Our ideal candidate has‚Ä¶ 3+ years of experience as a software developer Expert in Python, with knowledge of at least one Python web framework (such as Django or Flask) Good SQL –î–µ—Ç–∞–ª—å–Ω—ñ—à–µ",3,89
LLM Specialist with Python Knowledge,Aisberg,–£–∫—Ä–∞—ó–Ω–∞,"['¬∑ Product', '¬∑ –¢—ñ–ª—å–∫–∏ –≤—ñ–¥–¥–∞–ª–µ–Ω–æ', '¬∑ 1 —Ä—ñ–∫ –¥–æ—Å–≤—ñ–¥—É']","Position Description: We are looking for an experienced AI/ML developer specialized in LLMs (Large Language Models), such as GPT-3/4 and similar. You will be involved in –î–µ—Ç–∞–ª—å–Ω—ñ—à–µ",19,133
Python developer,Jito.dev,–£–∫—Ä–∞—ó–Ω–∞,"['¬∑ –¢—ñ–ª—å–∫–∏ –≤—ñ–¥–¥–∞–ª–µ–Ω–æ', '¬∑ 5 —Ä–æ–∫—ñ–≤ –¥–æ—Å–≤—ñ–¥—É', '¬∑ Upper-Intermediate']",Our customer is a cutting-edge technology company focused on leveraging AI technology to automatically identify 3D objects from aerial imagery and create worldwide property –î–µ—Ç–∞–ª—å–Ω—ñ—à–µ,2,48
Senior Python(Django) Developer,Quintagroup,–£–∫—Ä–∞—ó–Ω–∞,"['¬∑ Office –∞–±–æ Remote', '¬∑ 3 —Ä–æ–∫–∏ –¥–æ—Å–≤—ñ–¥—É', '¬∑ Upper-Intermediate']","Quintagroup is looking for Senior Python developer to join the development team of IoT solutions. Technology stack: Python, Django, AWS. You will work in the leading European –î–µ—Ç–∞–ª—å–Ω—ñ—à–µ",13,55
Python Engineer,Matoffo,–£–∫—Ä–∞—ó–Ω–∞,"['¬∑ –¢—ñ–ª—å–∫–∏ –≤—ñ–¥–¥–∞–ª–µ–Ω–æ', '¬∑ 3 —Ä–æ–∫–∏ –¥–æ—Å–≤—ñ–¥—É', '¬∑ Upper-Intermediate']","About our client Client is a US based startup that organizes all info across your digital workspace and provides context for the projects, meetings, and people that matter to –î–µ—Ç–∞–ª—å–Ω—ñ—à–µ",25,102
Back-End Engineer (Python),Preply,"–†–µ–ª–æ–∫–µ–π—Ç, –Ü—Å–ø–∞–Ω—ñ—è, –£–∫—Ä–∞—ó–Ω–∞ (–ö–∏—ó–≤)","['¬∑ Product', '¬∑ –ì—ñ–±—Ä–∏–¥–Ω–∞ —Ä–æ–±–æ—Ç–∞', '¬∑ 5 —Ä–æ–∫—ñ–≤ –¥–æ—Å–≤—ñ–¥—É', '¬∑ Upper-Intermediate']","At Preply, we are unlocking human potential through learning. We believe learning with a great tutor is life-changing. That‚Äôs why we match online tutors from across the globe –î–µ—Ç–∞–ª—å–Ω—ñ—à–µ",3,93
Senior Back-End Engineer (Experimentation),Preply,"–†–µ–ª–æ–∫–µ–π—Ç, –Ü—Å–ø–∞–Ω—ñ—è, –£–∫—Ä–∞—ó–Ω–∞ (–ö–∏—ó–≤)","['¬∑ Product', '¬∑ –ì—ñ–±—Ä–∏–¥–Ω–∞ —Ä–æ–±–æ—Ç–∞', '¬∑ 5 —Ä–æ–∫—ñ–≤ –¥–æ—Å–≤—ñ–¥—É', '¬∑ Upper-Intermediate']","At Preply, we are unlocking human potential through learning. We believe learning with a great tutor is life-changing. That‚Äôs why we match online tutors from across the globe –î–µ—Ç–∞–ª—å–Ω—ñ—à–µ",3,41
Reef Technologies Senior Python Backend Engineer,Reef Technlogies,–ü–æ–ª—å—â–∞,"['¬∑ Product', '¬∑ –¢—ñ–ª—å–∫–∏ –≤—ñ–¥–¥–∞–ª–µ–Ω–æ', '¬∑ 5 —Ä–æ–∫—ñ–≤ –¥–æ—Å–≤—ñ–¥—É', '¬∑ Upper-Intermediate']","We‚Äôre about to convince you that you need a new job‚Ä¶ and that you‚Äôve just found the perfect opportunity. We‚Äôre steadily growing, and we‚Äôre continuously looking to expand our team –î–µ—Ç–∞–ª—å–Ω—ñ—à–µ",10,129
Trainee Python/Django Developer,Netframe,–£–∫—Ä–∞—ó–Ω–∞ (–ö–∏—ó–≤),"['¬∑ –¢—ñ–ª—å–∫–∏ –≤—ñ–¥–¥–∞–ª–µ–Ω–æ', '¬∑ –ë–µ–∑ –¥–æ—Å–≤—ñ–¥—É', '¬∑ Upper-Intermediate']","We are looking for a dedicated and motivated individual to join our team as a Trainee Python/Django Developer. And yes, we‚Äôre looking for IT nerd who loves coding, new –î–µ—Ç–∞–ª—å–Ω—ñ—à–µ",177,820
Integration Developer (Poland),SimilarDev,–ü–æ–ª—å—â–∞,"['¬∑ –ì—ñ–±—Ä–∏–¥–Ω–∞ —Ä–æ–±–æ—Ç–∞', '¬∑ 5 —Ä–æ–∫—ñ–≤ –¥–æ—Å–≤—ñ–¥—É', '¬∑ Upper-Intermediate']",About the company Justt is the world leader in fighting illegitimate chargebacks on behalf of merchants. Our chargeback mitigation solution uses smart technology to create a –î–µ—Ç–∞–ª—å–Ω—ñ—à–µ,3,42
Senior MLOps Engineer,KitRUM,–£–∫—Ä–∞—ó–Ω–∞,"['¬∑ –¢—ñ–ª—å–∫–∏ –≤—ñ–¥–¥–∞–ª–µ–Ω–æ', '¬∑ 5 —Ä–æ–∫—ñ–≤ –¥–æ—Å–≤—ñ–¥—É', '¬∑ Upper-Intermediate']",Required skills ‚Äî Ability to read and write code in Python and Go or Java or Ruby or Scala ‚Äî Understanding of algorithms and data structures (general engineering) ‚Äî –î–µ—Ç–∞–ª—å–Ω—ñ—à–µ,1,36
Junior Python Developer,GT-Protocol,–£–∫—Ä–∞—ó–Ω–∞ (–û–¥–µ—Å–∞),"['¬∑ Product', '¬∑ Office –∞–±–æ Remote', '¬∑ 1 —Ä—ñ–∫ –¥–æ—Å–≤—ñ–¥—É', '¬∑ Upper-Intermediate']",Are you a skilled Junior Python Developer eager to contribute to the development of an AI-powered automated trading platform? We're waiting for you to join our Development –î–µ—Ç–∞–ª—å–Ω—ñ—à–µ,204,670
Senior/Lead Python Software Engineer,CodeIT,–£–∫—Ä–∞—ó–Ω–∞,"['¬∑ Office –∞–±–æ Remote', '¬∑ 5 —Ä–æ–∫—ñ–≤ –¥–æ—Å–≤—ñ–¥—É', '¬∑ Upper-Intermediate']",We are inviting a Senior/Lead Python Software Engineer to join our team. The project is a hosting platform. We are transforming an old-school data center company into a –î–µ—Ç–∞–ª—å–Ω—ñ—à–µ,1,14
Python Backend Engineer (Outstaff project),MEGOGO,–£–∫—Ä–∞—ó–Ω–∞,"['¬∑ Office –∞–±–æ Remote', '¬∑ 5 —Ä–æ–∫—ñ–≤ –¥–æ—Å–≤—ñ–¥—É', '¬∑ Upper-Intermediate']","As a backend engineer of our client‚Äôs team, you will build the foundation for a seamless and stable TV experience for millions of TV lovers, which involves quite sophisticated –î–µ—Ç–∞–ª—å–Ω—ñ—à–µ",5,52
Senior Python Engineer (Integrations),Teramind,"–í—ñ—Ä–º–µ–Ω—ñ—è, –ì—Ä—É–∑—ñ—è, –ü–æ–ª—å—â–∞, –£–∫—Ä–∞—ó–Ω–∞","['¬∑ Product', '¬∑ –¢—ñ–ª—å–∫–∏ –≤—ñ–¥–¥–∞–ª–µ–Ω–æ', '¬∑ 5 —Ä–æ–∫—ñ–≤ –¥–æ—Å–≤—ñ–¥—É', '¬∑ Upper-Intermediate']","Teramind is a hybrid, global workforce building the next-generation Insider Risk Management and User Behavior Analytics platform. Join our team of innovators who are redefining –î–µ—Ç–∞–ª—å–Ω—ñ—à–µ",11,57
Middle Python Engineer (BI),Teramind,"–ê–ª–±–∞–Ω—ñ—è, –í—ñ—Ä–º–µ–Ω—ñ—è, –ë–æ–ª–≥–∞—Ä—ñ—è, –ì—Ä—É–∑—ñ—è, –£–∫—Ä–∞—ó–Ω–∞","['¬∑ Product', '¬∑ –¢—ñ–ª—å–∫–∏ –≤—ñ–¥–¥–∞–ª–µ–Ω–æ', '¬∑ 3 —Ä–æ–∫–∏ –¥–æ—Å–≤—ñ–¥—É', '¬∑ Upper-Intermediate']","Description Teramind is a hybrid, global workforce building the next-generation Insider Risk Management and User Behavior Analytics platform. Join our team of innovators who –î–µ—Ç–∞–ª—å–Ω—ñ—à–µ",34,151
Junior RPA developer,UAI Labs,–£–∫—Ä–∞—ó–Ω–∞,"['¬∑ –¢—ñ–ª—å–∫–∏ –≤—ñ–¥–¥–∞–ª–µ–Ω–æ', '¬∑ –ë–µ–∑ –¥–æ—Å–≤—ñ–¥—É', '¬∑ Pre-Intermediate']","RPA Developer(UiPath) at UAI Labs The RPA Developer (UiPath) is responsible for designing, developing, and implementing automation solutions using the UiPath platform. The –î–µ—Ç–∞–ª—å–Ω—ñ—à–µ",174,693
Senior Python BackEnd Engineer,VeryBusy Recruiting,"–£–∫—Ä–∞—ó–Ω–∞ (–ö–∏—ó–≤, –õ—å–≤—ñ–≤)","['¬∑ Product', '¬∑ Office –∞–±–æ Remote', '¬∑ 5 —Ä–æ–∫—ñ–≤ –¥–æ—Å–≤—ñ–¥—É', '¬∑ Intermediate']","–ù–∞—à –∫–ª—ñ—î–Ω—Ç ‚Äì –∞–º–µ—Ä–∏–∫–∞–Ω—Å—å–∫–æ-—É–∫—Ä–∞—ó–Ω—Å—å–∫–∞ SaaS-–∫–æ–º–ø–∞–Ω—ñ—è, –∑–∞—Å–Ω–æ–≤–∞–Ω–∞ –≤ 2009–º—É —Ä–æ—Ü—ñ, —è–∫–∞ –ø—Ä–æ–ø–æ–Ω—É—î –≤—Å–µ –Ω–µ–æ–±—Ö—ñ–¥–Ω–µ –¥–ª—è –º–∞—Å—à—Ç–∞–±—É–≤–∞–Ω–Ω—è Terraform. –¢—Ä–∏ —Ä–æ–∫–∏ –∫–æ–º–ø–∞–Ω—ñ—è –ø—Ä–∞—Ü—é—î –Ω–∞–¥ —Å–≤–æ—ó–º –¥—Ä—É–≥–∏–º –î–µ—Ç–∞–ª—å–Ω—ñ—à–µ",3,27
Junior Python Developer,Forager.ai,–°–ø–æ–ª—É—á–µ–Ω—ñ –®—Ç–∞—Ç–∏,"['¬∑ Product', '¬∑ –¢—ñ–ª—å–∫–∏ –≤—ñ–¥–¥–∞–ª–µ–Ω–æ', '¬∑ –ë–µ–∑ –¥–æ—Å–≤—ñ–¥—É']","Our team is looking for a junior Python developer. Responsibilities: - Write clean, scalable, and maintainable code. - Mostly implementation of business logic and –î–µ—Ç–∞–ª—å–Ω—ñ—à–µ",208,595
Senior Backend Engineer (Python),BCD Travel,–£–∫—Ä–∞—ó–Ω–∞,"['¬∑ Product', '¬∑ Office –∞–±–æ Remote', '¬∑ 5 —Ä–æ–∫—ñ–≤ –¥–æ—Å–≤—ñ–¥—É', '¬∑ Upper-Intermediate']","We are looking for a person who is passionate about development and is excited to join the team of our Engineers What you will be doing: Crafting an elegant, –î–µ—Ç–∞–ª—å–Ω—ñ—à–µ",11,46
Python (Django) Developer,Django Stars,–£–∫—Ä–∞—ó–Ω–∞ (–ö–∏—ó–≤),"['¬∑ Office –∞–±–æ Remote', '¬∑ 3 —Ä–æ–∫–∏ –¥–æ—Å–≤—ñ–¥—É', '¬∑ Upper-Intermediate']","We seek a highly motivated and experienced Python Developer to join our growing team. You will be responsible for designing, developing, and maintaining complex software solutions –î–µ—Ç–∞–ª—å–Ω—ñ—à–µ",28,159
Backend (Python) Software Engineer,Data Science UA,"–ü–æ–ª—å—â–∞, –£–∫—Ä–∞—ó–Ω–∞","['¬∑ Product', '¬∑ –¢—ñ–ª—å–∫–∏ –≤—ñ–¥–¥–∞–ª–µ–Ω–æ', '¬∑ 3 —Ä–æ–∫–∏ –¥–æ—Å–≤—ñ–¥—É']",About us: Data Science UA is a service company with strong data science and AI expertise. Our journey began in 2016 with the organization of the first Data Science UA –î–µ—Ç–∞–ª—å–Ω—ñ—à–µ,15,186
Tech/Team Lead (Python),Quantum,"–†–µ–ª–æ–∫–µ–π—Ç, –£–∫—Ä–∞—ó–Ω–∞","['¬∑ Office –∞–±–æ Remote', '¬∑ 5 —Ä–æ–∫—ñ–≤ –¥–æ—Å–≤—ñ–¥—É', '¬∑ Upper-Intermediate']",Quantum is a global technology partner delivering high-end software products that address real-world problems. We advance emerging technologies for outside-the-box solutions. –î–µ—Ç–∞–ª—å–Ω—ñ—à–µ,6,35
Middle Java Developer –Ω–∞ long-term –ø—Ä–æ–µ–∫—Ç —Ä–æ–∑—Ä–æ–±–∫–∏ —ñ–Ω–Ω–æ–≤–∞—Ü—ñ–π–Ω–æ–≥–æ –ø—Ä–æ–¥—É–∫—Ç—É,Edgica,–£–∫—Ä–∞—ó–Ω–∞ (–ö–∏—ó–≤),"['¬∑ Product', '¬∑ –¢—ñ–ª—å–∫–∏ –≤—ñ–¥–¥–∞–ª–µ–Ω–æ', '¬∑ 3 —Ä–æ–∫–∏ –¥–æ—Å–≤—ñ–¥—É', '¬∑ Upper-Intermediate']",–ú–∏ —Ä–æ–∑—Ä–æ–±–ª—è—î–º–æ —ñ –ø—ñ–¥—Ç—Ä–∏–º—É—î–º–æ —ñ–Ω–Ω–æ–≤–∞—Ü—ñ–π–Ω–∏–º –ø—Ä–æ–¥—É–∫—Ç –¥–ª—è –∫–ª—ñ—î–Ω—Ç–∞ –∑ –®–≤–µ–π—Ü–∞—Ä—ñ—ó. –•–æ—á–µ–º–æ –∑–∞–ª—É—á–∏—Ç–∏ –¥–æ —É—á–∞—Å—Ç—ñ —É –ø—Ä–æ–µ–∫—Ç—ñ remote full-time Java —Ä–æ–∑—Ä–æ–±–Ω–∏–∫–∞ —ñ–∑ –¥–æ—Å–≤—ñ–¥–æ–º —Ä–æ–±–æ—Ç–∏ –≤—ñ–¥ 3-—Ö –î–µ—Ç–∞–ª—å–Ω—ñ—à–µ,130,357
AI Python Developer,Join.To.IT,–£–∫—Ä–∞—ó–Ω–∞ (–ö–∏—ó–≤),"['¬∑ –ì—ñ–±—Ä–∏–¥–Ω–∞ —Ä–æ–±–æ—Ç–∞', '¬∑ 2 —Ä–æ–∫–∏ –¥–æ—Å–≤—ñ–¥—É', '¬∑ Upper-Intermediate']","–ú–∏ —É–∫—Ä–∞—ó–Ω—Å—å–∫–∞ –∞—É—Ç—Å–æ—Ä—Å –∫–æ–º–ø–∞–Ω—ñ—è Join.To.IT, —Å—Ç–≤–æ—Ä—é—î–º–æ –ø—Ä–æ–≥—Ä–∞–º–Ω—ñ —Ä—ñ—à–µ–Ω–Ω—è —É —Ä—ñ–∑–Ω–∏—Ö —Å—Ñ–µ—Ä–∞—Ö –±—ñ–∑–Ω–µ—Å—É –ø–æ–Ω–∞–¥ 10 —Ä–æ–∫—ñ–≤. –ù–∞—à–∞ –∫–æ–º–∞–Ω–¥–∞ —Å–∫–ª–∞–¥–∞—î—Ç—å—Å—è –∑ –¥–æ—Å–≤—ñ–¥—á–µ–Ω–∏—Ö –ø—Ä–æ—Ñ–µ—Å—ñ–æ–Ω–∞–ª—ñ–≤, —è–∫—ñ –∑–∞—Ö–æ–ø–ª–µ–Ω—ñ –î–µ—Ç–∞–ª—å–Ω—ñ—à–µ",7,71
Backend Developer (Python),SD Solutions,–£–∫—Ä–∞—ó–Ω–∞,"['¬∑ Office –∞–±–æ Remote', '¬∑ 3 —Ä–æ–∫–∏ –¥–æ—Å–≤—ñ–¥—É', '¬∑ Upper-Intermediate']","On behalf of Atlas Invest, SD Solutions is looking for a talented Back-End Developer to join our fast-paced team and contribute to the development of the future of real estate –î–µ—Ç–∞–ª—å–Ω—ñ—à–µ",16,87
python developer for algorithmic trading project,NATS,–£–∫—Ä–∞—ó–Ω–∞,"['¬∑ Product', '¬∑ –¢—ñ–ª—å–∫–∏ –≤—ñ–¥–¥–∞–ª–µ–Ω–æ', '¬∑ 3 —Ä–æ–∫–∏ –¥–æ—Å–≤—ñ–¥—É', '¬∑ Intermediate']","–ú–∏ —É–∫—Ä–∞—ó–Ω—Å—å–∫–∞ –ø—Ä–æ–¥—É–∫—Ç–æ–≤–∞ –∫–æ–º–ø–∞–Ω—ñ—è NATS, –∑–∞—Å–Ω–æ–≤–∞–Ω–∞ —É 2021 —Ä–æ—Ü—ñ. –ó–∞–π–º–∞—î–º–æ—Å—å –∞–ª–≥–æ—Ä–∏—Ç–º—ñ—á–Ω–∏–º —Ö–µ–¥–∂-—Ñ–æ–Ω–¥–æ–º, –∞–ª–≥–æ—Ç—Ä–µ–π–¥–∏–Ω–≥–æ–º. –ê–ª–≥–æ—Ä–∏—Ç–º—ñ—á–Ω–∏–π —Ö–µ–¥–∂-—Ñ–æ–Ω–¥ - —Ü–µ —ñ–Ω–≤–µ—Å—Ç–∏—Ü—ñ–π–Ω–∏–π —Ñ–æ–Ω–¥, —è–∫–∏–π –î–µ—Ç–∞–ª—å–Ω—ñ—à–µ",37,126
Strong Junior Python Developer (scraping),Python Automation Masters,–£–∫—Ä–∞—ó–Ω–∞,"['¬∑ –¢—ñ–ª—å–∫–∏ –≤—ñ–¥–¥–∞–ª–µ–Ω–æ', '¬∑ 1 —Ä—ñ–∫ –¥–æ—Å–≤—ñ–¥—É', '¬∑ Intermediate']","–ü—Ä–æ –Ω–∞—Å: –ù–µ–≤–µ–ª–∏–∫–∞ –∫–æ–º–∞–Ω–¥–∞, —â–æ –∑–∞–π–º–∞—î—Ç—å—Å—è –Ω–∞–ø–∏—Å–∞–Ω–Ω—è–º –µ—Ñ–µ–∫—Ç–∏–≤–Ω–∏—Ö —Å–∫—Ä–∏–ø—Ç—ñ–≤ –¥–ª—è web –Ω–∞ Python 3.x. –°–µ—Ä–µ–¥ —Ä—ñ—à–µ–Ω—å —î —Ç–∞–∫—ñ, —â–æ –æ–±—Ä–æ–±–ª—è—é—Ç—å –±–ª–∏–∑—å–∫–æ 800 000 –∑–∞–ø–∏—Ç—ñ–≤ –∫–æ–∂–Ω—ñ 10 –≥–æ–¥–∏–Ω –î–µ—Ç–∞–ª—å–Ω—ñ—à–µ",107,303
Python Engineer,Intobi,–£–∫—Ä–∞—ó–Ω–∞ (–ö–∏—ó–≤),"['¬∑ Office –∞–±–æ Remote', '¬∑ 5 —Ä–æ–∫—ñ–≤ –¥–æ—Å–≤—ñ–¥—É', '¬∑ Upper-Intermediate']","Hey guys üëã We‚Äôre Intobi - a software development company, located in Kyiv üá∫üá¶ Our main specialization is Web & Mobile applications + UI/UX Design. We‚Äôre looking for a –î–µ—Ç–∞–ª—å–Ω—ñ—à–µ",3,28
Python developer / middle,dZENcode,–£–∫—Ä–∞—ó–Ω–∞ (–•–∞—Ä–∫—ñ–≤),"['¬∑ –¢—ñ–ª—å–∫–∏ –≤—ñ–¥–¥–∞–ª–µ–Ω–æ', '¬∑ 3 —Ä–æ–∫–∏ –¥–æ—Å–≤—ñ–¥—É', '¬∑ Pre-Intermediate']",–ù–µ–æ–±—Ö—ñ–¥–Ω—ñ –Ω–∞–≤–∏—á–∫–∏: - –î–æ—Å–≤—ñ–¥ –≤ IT –∫–æ–º–ø–∞–Ω—ñ—ó –Ω–∞ Python - –≤—ñ–¥ 3+ —Ä–æ–∫—É; - –ó–Ω–∞–Ω–Ω—è —Ñ—Ä–µ–π–º–≤–æ—Ä–∫—É Django; - –í–ø–µ–≤–Ω–µ–Ω–µ –∑–Ω–∞–Ω–Ω—è Python3; - –í—ñ–¥–º—ñ–Ω–Ω–µ –∑–Ω–∞–Ω–Ω—è –º–æ–≤–∏ –ø—Ä–æ–≥—Ä–∞–º—É–≤–∞–Ω–Ω—è Python; - –î–µ—Ç–∞–ª—å–Ω—ñ—à–µ,8,79
Senior Python Developer,AutoDS,–£–∫—Ä–∞—ó–Ω–∞,"['¬∑ Product', '¬∑ –¢—ñ–ª—å–∫–∏ –≤—ñ–¥–¥–∞–ª–µ–Ω–æ', '¬∑ 3 —Ä–æ–∫–∏ –¥–æ—Å–≤—ñ–¥—É', '¬∑ Intermediate']",We are looking for a Senior Python developer for remote work in our worldwide team. We need someone who wants to take part in something big and assume responsibility for the –î–µ—Ç–∞–ª—å–Ω—ñ—à–µ,14,63
Middle Python Developer,ElifTech,–£–∫—Ä–∞—ó–Ω–∞,"['¬∑ –¢—ñ–ª—å–∫–∏ –≤—ñ–¥–¥–∞–ª–µ–Ω–æ', '¬∑ 3 —Ä–æ–∫–∏ –¥–æ—Å–≤—ñ–¥—É', '¬∑ Upper-Intermediate']","Middle Python Developer for Night Support (Long-term) We are seeking three Middle Python Developers for night support on a long-term basis, willing to work in –î–µ—Ç–∞–ª—å–Ω—ñ—à–µ",30,133
Senior BE Python Developer,Meduzzen,–£–∫—Ä–∞—ó–Ω–∞,"['¬∑ –¢—ñ–ª—å–∫–∏ –≤—ñ–¥–¥–∞–ª–µ–Ω–æ', '¬∑ 5 —Ä–æ–∫—ñ–≤ –¥–æ—Å–≤—ñ–¥—É', '¬∑ Upper-Intermediate']","We are looking for a Senior BE Python Developer. The project is about collecting and processing data for sports games, to provide data as a service or to predict winners. It's –î–µ—Ç–∞–ª—å–Ω—ñ—à–µ",9,46
Python Developer (Senior),gart.tech,–£–∫—Ä–∞—ó–Ω–∞,"['¬∑ –¢—ñ–ª—å–∫–∏ –≤—ñ–¥–¥–∞–ª–µ–Ω–æ', '¬∑ 3 —Ä–æ–∫–∏ –¥–æ—Å–≤—ñ–¥—É', '¬∑ Intermediate']",About Us: Gart Technology is a rapidly growing software development and engineering company that specializes in delivering high-quality projects for clients across various –î–µ—Ç–∞–ª—å–Ω—ñ—à–µ,16,83
"Python Engineer (Poland, Romania)",Adaptiq,"–ü–æ–ª—å—â–∞, –†—É–º—É–Ω—ñ—è","['¬∑ Product', '¬∑ –¢—ñ–ª—å–∫–∏ –≤—ñ–¥–¥–∞–ª–µ–Ω–æ', '¬∑ 5 —Ä–æ–∫—ñ–≤ –¥–æ—Å–≤—ñ–¥—É', '¬∑ Upper-Intermediate']","We are a pioneer in the field of Enhanced Sensory AI, and are proud to say that we have transformed customer and field service sectors. With an impressive portfolio of patents in –î–µ—Ç–∞–ª—å–Ω—ñ—à–µ",3,13
Python Developer,Data Pro,–£–∫—Ä–∞—ó–Ω–∞ (–ö–∏—ó–≤),"['¬∑ Product', '¬∑ –¢—ñ–ª—å–∫–∏ –≤—ñ–¥–¥–∞–ª–µ–Ω–æ', '¬∑ 3 —Ä–æ–∫–∏ –¥–æ—Å–≤—ñ–¥—É', '¬∑ Upper-Intermediate']",We are seeking an experienced Backend Developer with a strong focus on Python and DevOps skills: Kubernetes and Docker. You‚Äôll be responsible for building robust backend –î–µ—Ç–∞–ª—å–Ω—ñ—à–µ,10,74
"Python Developers (Permanent/ requires relocation to Dubai, UAE)",Aspire Technology,"–†–µ–ª–æ–∫–µ–π—Ç, –û–± º—î–¥–Ω–∞–Ω—ñ –ê—Ä–∞–±—Å—å–∫—ñ –ï–º—ñ—Ä–∞—Ç–∏","['¬∑ Product', '¬∑ –¢—ñ–ª—å–∫–∏ –æ—Ñ—ñ—Å', '¬∑ 5 —Ä–æ–∫—ñ–≤ –¥–æ—Å–≤—ñ–¥—É']","Looking for an experienced Python developer who will be focused on the development of the server-side logic of a web application, ensuring its high performance, maintainability –î–µ—Ç–∞–ª—å–Ω—ñ—à–µ",17,108
ML/CV Engineer,Samsung R&D Institute Ukraine,"–†–µ–ª–æ–∫–µ–π—Ç, –£–∫—Ä–∞—ó–Ω–∞ (–ö–∏—ó–≤)","['¬∑ Product', '¬∑ –ì—ñ–±—Ä–∏–¥–Ω–∞ —Ä–æ–±–æ—Ç–∞', '¬∑ 3 —Ä–æ–∫–∏ –¥–æ—Å–≤—ñ–¥—É', '¬∑ Intermediate']","Samsung R&D Institute Ukraine is looking for a passionate and collaborative ML/CV Engineer to join our team in Kyiv. Key responsbilities: ‚Ä¢ Design, implement, –î–µ—Ç–∞–ª—å–Ω—ñ—à–µ",2,26
Backend Python Engineer,Adaptiq,–ü–æ–ª—å—â–∞,"['¬∑ Product', '¬∑ –¢—ñ–ª—å–∫–∏ –≤—ñ–¥–¥–∞–ª–µ–Ω–æ', '¬∑ 5 —Ä–æ–∫—ñ–≤ –¥–æ—Å–≤—ñ–¥—É', '¬∑ Upper-Intermediate']","We are a pioneer in the field of Enhanced Sensory AI, and proud to say that we transformed customer and field service sectors. With an impressive portfolio of patents in AI and –î–µ—Ç–∞–ª—å–Ω—ñ—à–µ",2,31
Senior Python Developer,Numerical Technologies,"–ü–æ–ª—å—â–∞, –ü–æ—Ä—Ç—É–≥–∞–ª—ñ—è, –£–∫—Ä–∞—ó–Ω–∞","['¬∑ Product', '¬∑ Office –∞–±–æ Remote', '¬∑ 5 —Ä–æ–∫—ñ–≤ –¥–æ—Å–≤—ñ–¥—É', '¬∑ Upper-Intermediate']","Numerical Technologies is a leading provider of custom software solutions and services specializing in risk, limits, and regulatory capital. Right now, we are looking for a –î–µ—Ç–∞–ª—å–Ω—ñ—à–µ",9,23
Fullstack Python/React Developer,Elementica,"–†–µ–ª–æ–∫–µ–π—Ç, –ü–æ–ª—å—â–∞, –£–∫—Ä–∞—ó–Ω–∞ (–ó–∞–ø–æ—Ä—ñ–∂–∂—è, –ß–µ—Ä–Ω—ñ–≤—Ü—ñ)","['¬∑ –ì—ñ–±—Ä–∏–¥–Ω–∞ —Ä–æ–±–æ—Ç–∞', '¬∑ 3 —Ä–æ–∫–∏ –¥–æ—Å–≤—ñ–¥—É', '¬∑ Intermediate']",Build the most meaningful apps on the latest web technologies! ABOUT ELEMENTICA Welcome to Elementica! We are excited to see you on our profile. Elementica is a leading –î–µ—Ç–∞–ª—å–Ω—ñ—à–µ,4,83
Software Engineer (Python/Golang),QIT Software,–£–∫—Ä–∞—ó–Ω–∞,"['¬∑ –¢—ñ–ª—å–∫–∏ –≤—ñ–¥–¥–∞–ª–µ–Ω–æ', '¬∑ 3 —Ä–æ–∫–∏ –¥–æ—Å–≤—ñ–¥—É', '¬∑ Upper-Intermediate']","QIT Software is looking for a Software Engineer to the product from the US. We are building a no / low code SaaS platform to create AI apps and bots that are easy to create, –î–µ—Ç–∞–ª—å–Ω—ñ—à–µ",48,264
Data Scrap Specialist (Python),Flai,–£–∫—Ä–∞—ó–Ω–∞,"['¬∑ Product', '¬∑ –¢—ñ–ª—å–∫–∏ –≤—ñ–¥–¥–∞–ª–µ–Ω–æ', '¬∑ –ë–µ–∑ –¥–æ—Å–≤—ñ–¥—É', '¬∑ Pre-Intermediate']","Looking for a Data Scrap specialist to join the our team. If you love music, TikTok, Instagram, Spotify and all around that - you have found the right place to send your –î–µ—Ç–∞–ª—å–Ω—ñ—à–µ",233,698
Open Omniverse UI / Extension developer,StartupSoft,"–£–∫—Ä–∞—ó–Ω–∞ (–õ—å–≤—ñ–≤, –¢–µ—Ä–Ω–æ–ø—ñ–ª—å)","['¬∑ Office –∞–±–æ Remote', '¬∑ 5 —Ä–æ–∫—ñ–≤ –¥–æ—Å–≤—ñ–¥—É', '¬∑ Upper-Intermediate']","ABOUT PROJECT UrsaLeo is an immersive 3D platform that combines digital twin technology with real-time and historical data from IoT streams, ERP, maintenance, and other –î–µ—Ç–∞–ª—å–Ω—ñ—à–µ",3,56
Senior Python Engineer,GlobalLogic,–£–∫—Ä–∞—ó–Ω–∞,"['¬∑ Office –∞–±–æ Remote', '¬∑ 5 —Ä–æ–∫—ñ–≤ –¥–æ—Å–≤—ñ–¥—É', '¬∑ Upper-Intermediate']",Description: Project Description The primary goal of this initiative is to design and deploy a cloud-based Generative AI system. This advanced solution is tailored to –î–µ—Ç–∞–ª—å–Ω—ñ—à–µ,3,40
AI DEVELOPER (Construction and Business Operations),PICHE,–õ–∞—Ç–≤—ñ—è,"['¬∑ Product', '¬∑ –¢—ñ–ª—å–∫–∏ –≤—ñ–¥–¥–∞–ª–µ–Ω–æ', '¬∑ 5 —Ä–æ–∫—ñ–≤ –¥–æ—Å–≤—ñ–¥—É', '¬∑ Advanced/Fluent']",PICHE is a leading construction company with a vision to revolutionize the industry through the implementation of innovative technology. We are seeking a highly motivated –î–µ—Ç–∞–ª—å–Ω—ñ—à–µ,0,23
SENIOR or LEAD Python developer,PICHE,–õ–∞—Ç–≤—ñ—è,"['¬∑ Product', '¬∑ –¢—ñ–ª—å–∫–∏ –≤—ñ–¥–¥–∞–ª–µ–Ω–æ', '¬∑ 5 —Ä–æ–∫—ñ–≤ –¥–æ—Å–≤—ñ–¥—É', '¬∑ Advanced/Fluent']",‚Ä¢ Are you an ambitious developer with expertise in Python? ‚Ä¢ Are you ready to embrace the challenge of building a next-generation AI-running business process management –î–µ—Ç–∞–ª—å–Ω—ñ—à–µ,1,19
Senior/Principal Python Developer,Sigma Software,"–ë–æ–ª–≥–∞—Ä—ñ—è, –ß–µ—Ö—ñ—è, –£–≥–æ—Ä—â–∏–Ω–∞, –ü–æ–ª—å—â–∞, –°–ª–æ–≤–∞—á—á–∏–Ω–∞","['¬∑ Office –∞–±–æ Remote', '¬∑ 5 —Ä–æ–∫—ñ–≤ –¥–æ—Å–≤—ñ–¥—É', '¬∑ Upper-Intermediate']","We are looking for a Senior Python Developer to join the AdTech project that helps publishers control Ad traffic revenue. Together, we will use a unique approach to identify –î–µ—Ç–∞–ª—å–Ω—ñ—à–µ",3,17
Python developer,Project Ukraine,–£–∫—Ä–∞—ó–Ω–∞,"['¬∑ Product', '¬∑ –¢—ñ–ª—å–∫–∏ –≤—ñ–¥–¥–∞–ª–µ–Ω–æ', '¬∑ 3 —Ä–æ–∫–∏ –¥–æ—Å–≤—ñ–¥—É']","Education Studios - –ø—Ä–æ–µ–∫—Ç, —â–æ –ø–æ—î–¥–Ω—É—î –æ—Å–≤—ñ—Ç—É —Ç–∞ –≥–µ–π–º—ñ–Ω–≥. –ú–∏ —Å—Ç–≤–æ—Ä—é—î–º–æ —ñ–≥—Ä–æ–≤—ñ –ø—Ä–æ–µ–∫—Ç–∏, —è–∫—ñ –∑–º—ñ—Ü–Ω—é—é—Ç—å –∑–≤'—è–∑–æ–∫ –º—ñ–∂ –æ—Å–≤—ñ—Ç–æ—é —Ç–∞ –≥–µ–π–º—ñ–Ω–≥–æ–º. –£ –Ω–∞—à—ñ–π –∫–æ–º–∞–Ω–¥—ñ –º–∏ —Ü—ñ–Ω—É—î–º–æ —Å–ø—ñ–≤–ø—Ä–∞—Ü—é, –î–µ—Ç–∞–ª—å–Ω—ñ—à–µ",17,88
Python Developer,Infingame,–°–ª–æ–≤–∞—á—á–∏–Ω–∞,"['¬∑ Product', '¬∑ –¢—ñ–ª—å–∫–∏ –≤—ñ–¥–¥–∞–ª–µ–Ω–æ', '¬∑ 3 —Ä–æ–∫–∏ –¥–æ—Å–≤—ñ–¥—É', '¬∑ Intermediate']",Infingame is extending an invitation to accomplished professionals to become an integral part of our dynamic company as a Python Developer. We are on the lookout for motivated –î–µ—Ç–∞–ª—å–Ω—ñ—à–µ,8,39
Python Developer,Join.To.IT,–£–∫—Ä–∞—ó–Ω–∞ (–ö–∏—ó–≤),"['¬∑ –ì—ñ–±—Ä–∏–¥–Ω–∞ —Ä–æ–±–æ—Ç–∞', '¬∑ 3 —Ä–æ–∫–∏ –¥–æ—Å–≤—ñ–¥—É', '¬∑ Upper-Intermediate']","–ú–∏ ‚Äì —É–∫—Ä–∞—ó–Ω—Å—å–∫–∞ –∞—É—Ç—Å–æ—Ä—Å–∏–Ω–≥–æ–≤–∞ –∫–æ–º–ø–∞–Ω—ñ—è Join.To.IT, –±—ñ–ª—å—à–µ 10 —Ä–æ–∫—ñ–≤ —Å—Ç–≤–æ—Ä—é—î–º–æ –ø—Ä–æ–≥—Ä–∞–º–Ω—ñ —Ä—ñ—à–µ–Ω–Ω—è –≤ —Ä—ñ–∑–Ω–∏—Ö —Å—Ñ–µ—Ä–∞—Ö –±—ñ–∑–Ω–µ—Å—É. –ù–∞—à–∞ –∫–æ–º–∞–Ω–¥–∞ —Å–∫–ª–∞–¥–∞—î—Ç—å—Å—è –∑ –¥–æ—Å–≤—ñ–¥—á–µ–Ω–∏—Ö –ø—Ä–æ—Ñ–µ—Å—ñ–æ–Ω–∞–ª—ñ–≤, —è–∫—ñ –î–µ—Ç–∞–ª—å–Ω—ñ—à–µ",12,82
Lead Backend Engineer (Python),MEGOGO,"–£–∫—Ä–∞—ó–Ω–∞ (–í—ñ–Ω–Ω–∏—Ü—è, –î–Ω—ñ–ø—Ä–æ, –Ü–≤–∞–Ω–æ-–§—Ä–∞–Ω–∫—ñ–≤—Å—å–∫ + —â–µ 2 –º—ñ—Å—Ç–∞)","['¬∑ Product', '¬∑ Office –∞–±–æ Remote', '¬∑ 5 —Ä–æ–∫—ñ–≤ –¥–æ—Å–≤—ñ–¥—É', '¬∑ Intermediate']","–î–æ –∫–æ–º–∞–Ω–¥–∏ MEGOGO —à—É–∫–∞—î–º–æ Tech Lead'a –¥–ª—è —Ä–æ–∑—Ä–æ–±–∫–∏ –Ω–æ–≤–æ–≥–æ –ø—Ä–æ–¥—É–∫—Ç—É. –ù–µ–æ–±—Ö—ñ–¥–Ω—ñ –∑–Ω–∞–Ω–Ω—è —Ç–∞ –Ω–∞–≤–∏—á–∫–∏: - 6+ —Ä–æ–∫—ñ–≤ –¥–æ—Å–≤—ñ–¥—É –∫–æ–º–µ—Ä—Ü—ñ–π–Ω–æ—ó —Ä–æ–∑—Ä–æ–±–∫–∏, –∑ –Ω–∏—Ö –æ—Å—Ç–∞–Ω–Ω—ñ 3+ –Ω–∞ Python - –î–µ—Ç–∞–ª—å–Ω—ñ—à–µ",2,65
Python developer for global product (audit and assurance company BIG FOUR),Deloitte,–£–∫—Ä–∞—ó–Ω–∞ (–ö–∏—ó–≤),"['¬∑ Product', '¬∑ Office –∞–±–æ Remote', '¬∑ 3 —Ä–æ–∫–∏ –¥–æ—Å–≤—ñ–¥—É', '¬∑ Advanced/Fluent']","Deloitte is looking for professional engineers to join our new automotive project: optimization of the clients‚Äô orders based on business rules and previous orders‚Äô history, –î–µ—Ç–∞–ª—å–Ω—ñ—à–µ",2,45
Full-stack Developer (Python + Vue),A-LISTWARE,–£–∫—Ä–∞—ó–Ω–∞,"['¬∑ –¢—ñ–ª—å–∫–∏ –≤—ñ–¥–¥–∞–ª–µ–Ω–æ', '¬∑ 3 —Ä–æ–∫–∏ –¥–æ—Å–≤—ñ–¥—É', '¬∑ Upper-Intermediate']",Our Customer: Our customer is transforming the landscape of payment plans for businesses through state-of-the-art technology. The platform enables businesses to make –î–µ—Ç–∞–ª—å–Ω—ñ—à–µ,2,39
Middle/Senior Python+JS developer,Piligrim IT,–£–∫—Ä–∞—ó–Ω–∞,"['¬∑ –¢—ñ–ª—å–∫–∏ –≤—ñ–¥–¥–∞–ª–µ–Ω–æ', '¬∑ 3 —Ä–æ–∫–∏ –¥–æ—Å–≤—ñ–¥—É', '¬∑ Upper-Intermediate']",We are currently seeking a developer for a long-term collaboration from Ukraine and Europe. Our company is engaged in various projects that require skilled and dedicated –î–µ—Ç–∞–ª—å–Ω—ñ—à–µ,24,95
Senior Python Developer,ElephantsLab,–£–∫—Ä–∞—ó–Ω–∞ (–í—ñ–Ω–Ω–∏—Ü—è),"['¬∑ Product', '¬∑ Office –∞–±–æ Remote', '¬∑ 2 —Ä–æ–∫–∏ –¥–æ—Å–≤—ñ–¥—É', '¬∑ Pre-Intermediate']","–í –ø—Ä–æ–¥—É–∫—Ç–æ–≤—É –∫–æ–º–∞–Ω–¥—É (blockchain —Ä–æ–∑—Ä–æ–±–∫–∞) –∑–∞–ø—Ä–æ—à—É—î–º–æ Python Developer –∑ –¥–æ—Å–≤—ñ–¥–æ–º —Ä–æ–±–æ—Ç–∏ 2+ —Ä–æ–∫–∏. –ü—Ä–æ–¥—É–∫—Ç –Ω–∞ —Ñ—ñ–Ω–∞–ª—å–Ω–æ–º—É –µ—Ç–∞–ø—ñ —Ä–æ–∑—Ä–æ–±–∫–∏. –ö–æ–º–∞–Ω–¥–∞: 7 –ª—é–¥–µ–π, –Ω–∞ Python –±—ñ–ª—å—à–µ –Ω—ñ—Ö—Ç–æ –î–µ—Ç–∞–ª—å–Ω—ñ—à–µ",21,119
Python Developer,Silicon Valley Commerce LLC,–°–ø–æ–ª—É—á–µ–Ω—ñ –®—Ç–∞—Ç–∏,"['¬∑ Product', '¬∑ –¢—ñ–ª—å–∫–∏ –≤—ñ–¥–¥–∞–ª–µ–Ω–æ', '¬∑ 3 —Ä–æ–∫–∏ –¥–æ—Å–≤—ñ–¥—É', '¬∑ Intermediate']","Python Developer (Remote) Silicon Valley Commerce LLC, a fast-growing e-commerce company based in the United States, is looking to hire a Python Developer to join our dynamic –î–µ—Ç–∞–ª—å–Ω—ñ—à–µ",99,318
Middle Python developer,GlobalLogic,–£–∫—Ä–∞—ó–Ω–∞,"['¬∑ Office –∞–±–æ Remote', '¬∑ 2 —Ä–æ–∫–∏ –¥–æ—Å–≤—ñ–¥—É', '¬∑ Upper-Intermediate']","Job Description Primary technical skill is Python At least 2 years of commercial experience Asynchronyous programming experience is required: asyncio, thread, –î–µ—Ç–∞–ª—å–Ω—ñ—à–µ",44,235
Full-stack Developer (Python + Vue),A-LISTWARE,–£–∫—Ä–∞—ó–Ω–∞,"['¬∑ –¢—ñ–ª—å–∫–∏ –≤—ñ–¥–¥–∞–ª–µ–Ω–æ', '¬∑ 5 —Ä–æ–∫—ñ–≤ –¥–æ—Å–≤—ñ–¥—É', '¬∑ Upper-Intermediate']",Our Customer: Our customer is transforming the landscape of payment plans for businesses through state-of-the-art technology. The platform enables businesses to make –î–µ—Ç–∞–ª—å–Ω—ñ—à–µ,3,14
Senior Python Developer,Meduzzen,–£–∫—Ä–∞—ó–Ω–∞,"['¬∑ –¢—ñ–ª—å–∫–∏ –≤—ñ–¥–¥–∞–ª–µ–Ω–æ', '¬∑ 5 —Ä–æ–∫—ñ–≤ –¥–æ—Å–≤—ñ–¥—É', '¬∑ Upper-Intermediate']","We are looking for a Senior Python Developer for a stable long-term project. Tech stack: Python, FastApi, Websockets, MySQL. The project is about collecting and processing –î–µ—Ç–∞–ª—å–Ω—ñ—à–µ",15,80
Senior Python Engineer (only in Poland),Adaptiq,–ü–æ–ª—å—â–∞,"['¬∑ Product', '¬∑ –¢—ñ–ª—å–∫–∏ –≤—ñ–¥–¥–∞–ª–µ–Ω–æ', '¬∑ 5 —Ä–æ–∫—ñ–≤ –¥–æ—Å–≤—ñ–¥—É', '¬∑ Advanced/Fluent']","We are a pioneer in the field of Enhanced Sensory AI, and proud to say that we transformed customer and field service sectors. With an impressive portfolio of patents in AI and –î–µ—Ç–∞–ª—å–Ω—ñ—à–µ",0,10
Middle Python Developer,Cloudy Construction,–í–µ–ª–∏–∫–∞ –ë—Ä–∏—Ç–∞–Ω—ñ—è,"['¬∑ Product', '¬∑ –¢—ñ–ª—å–∫–∏ –≤—ñ–¥–¥–∞–ª–µ–Ω–æ', '¬∑ 2 —Ä–æ–∫–∏ –¥–æ—Å–≤—ñ–¥—É', '¬∑ Pre-Intermediate']",We are looking for a talented Middle Developer with ETL and database skills. Your job is to write and maintain models and regular expressions to process the huge number of –î–µ—Ç–∞–ª—å–Ω—ñ—à–µ,12,191
Computer Vision Algorithms Developer,MoveUp Recruitment agency,–£–∫—Ä–∞—ó–Ω–∞,"['¬∑ Product', '¬∑ –¢—ñ–ª—å–∫–∏ –≤—ñ–¥–¥–∞–ª–µ–Ω–æ', '¬∑ 5 —Ä–æ–∫—ñ–≤ –¥–æ—Å–≤—ñ–¥—É', '¬∑ Upper-Intermediate']","The company is an innovative SaaS enterprise, backed by prominent venture capital, specializing in addressing the heightened demand for improved inventory visibility within the –î–µ—Ç–∞–ª—å–Ω—ñ—à–µ",3,100
Computer Vision Algorithms Developer for Visual Intelligence Company,MoveUp Recruitment agency,"–£–∫—Ä–∞—ó–Ω–∞, –ü–æ–ª—å—â–∞","['¬∑ Product', '¬∑ –¢—ñ–ª—å–∫–∏ –≤—ñ–¥–¥–∞–ª–µ–Ω–æ', '¬∑ 5 —Ä–æ–∫—ñ–≤ –¥–æ—Å–≤—ñ–¥—É', '¬∑ Upper-Intermediate']","Full-time, remote, long-term cooperation. Preferred Locations: Central and Eastern European countries, especially Poland. Team Dynamics: Currently at 6 members, with plans for –î–µ—Ç–∞–ª—å–Ω—ñ—à–µ",2,48
Computer Vision Algorithms Developer,MoveUp Recruitment agency,–£–∫—Ä–∞—ó–Ω–∞,"['¬∑ Product', '¬∑ –¢—ñ–ª—å–∫–∏ –≤—ñ–¥–¥–∞–ª–µ–Ω–æ', '¬∑ 5 —Ä–æ–∫—ñ–≤ –¥–æ—Å–≤—ñ–¥—É', '¬∑ Upper-Intermediate']","Visual Intelligence, a forward-thinking SaaS company, is in search of a Computer Vision Algorithms Developer to join our A-team. In this role, you will be tasked with the –î–µ—Ç–∞–ª—å–Ω—ñ—à–µ",0,33
Python (Django) Developer,Join.To.IT,–£–∫—Ä–∞—ó–Ω–∞ (–ö–∏—ó–≤),"['¬∑ –ì—ñ–±—Ä–∏–¥–Ω–∞ —Ä–æ–±–æ—Ç–∞', '¬∑ 3 —Ä–æ–∫–∏ –¥–æ—Å–≤—ñ–¥—É', '¬∑ Intermediate']","–ú–∏ ‚Äì —É–∫—Ä–∞—ó–Ω—Å—å–∫–∞ –∞—É—Ç—Å–æ—Ä—Å–∏–Ω–≥–æ–≤–∞ –∫–æ–º–ø–∞–Ω—ñ—è Join.To.IT, –±—ñ–ª—å—à–µ 10 —Ä–æ–∫—ñ–≤ —Å—Ç–≤–æ—Ä—é—î–º–æ –ø—Ä–æ–≥—Ä–∞–º–Ω—ñ —Ä—ñ—à–µ–Ω–Ω—è –≤ —Ä—ñ–∑–Ω–∏—Ö —Å—Ñ–µ—Ä–∞—Ö –±—ñ–∑–Ω–µ—Å—É. –ù–∞—à–∞ –∫–æ–º–∞–Ω–¥–∞ —Å–∫–ª–∞–¥–∞—î—Ç—å—Å—è –∑ –¥–æ—Å–≤—ñ–¥—á–µ–Ω–∏—Ö –ø—Ä–æ—Ñ–µ—Å—ñ–æ–Ω–∞–ª—ñ–≤, —è–∫—ñ –î–µ—Ç–∞–ª—å–Ω—ñ—à–µ",9,69
python developer with a focus on WebRTC,ROL KC (MK GROUP),–£–∫—Ä–∞—ó–Ω–∞ (–ö–∏—ó–≤),"['¬∑ Product', '¬∑ Office –∞–±–æ Remote', '¬∑ 2 —Ä–æ–∫–∏ –¥–æ—Å–≤—ñ–¥—É']","Location: Remote Type: Full-time Job Description: As a mid-level Python developer, you will be responsible for developing and maintaining our internal and external –î–µ—Ç–∞–ª—å–Ω—ñ—à–µ",24,128
Python Developer,Valor Software,–ß–µ—Ö—ñ—è,"['¬∑ –¢—ñ–ª—å–∫–∏ –≤—ñ–¥–¥–∞–ª–µ–Ω–æ', '¬∑ 5 —Ä–æ–∫—ñ–≤ –¥–æ—Å–≤—ñ–¥—É', '¬∑ Upper-Intermediate']",Valor Software is a software development and consulting company that specializes in advancing and bringing together open-source technologies to achieve technological and business –î–µ—Ç–∞–ª—å–Ω—ñ—à–µ,46,133
FullStack (Python/React.js) Tech Lead,Raccoon Gang,–£–∫—Ä–∞—ó–Ω–∞,"['¬∑ –¢—ñ–ª—å–∫–∏ –≤—ñ–¥–¥–∞–ª–µ–Ω–æ', '¬∑ 5 —Ä–æ–∫—ñ–≤ –¥–æ—Å–≤—ñ–¥—É', '¬∑ Upper-Intermediate']","As a Tech Lead, you will play a pivotal role in guiding our development team to new heights in the field of Learning Management System (LMS) development. If you are enthusiastic –î–µ—Ç–∞–ª—å–Ω—ñ—à–µ",1,24
Python Tech Lead (Automation team),Ajax Systems,–£–∫—Ä–∞—ó–Ω–∞ (–ö–∏—ó–≤),"['¬∑ Product', '¬∑ –¢—ñ–ª—å–∫–∏ –æ—Ñ—ñ—Å', '¬∑ 5 —Ä–æ–∫—ñ–≤ –¥–æ—Å–≤—ñ–¥—É', '¬∑ Pre-Intermediate']","Ajax Systems ‚Äî —Ä–æ–∑—Ä–æ–±–Ω–∏–∫ —ñ –≤–∏—Ä–æ–±–Ω–∏–∫ —Å–∏—Å—Ç–µ–º –±–µ–∑–ø–µ–∫–∏ Ajax —ñ–∑ –º–æ–∂–ª–∏–≤–æ—Å—Ç—è–º–∏ —Ä–æ–∑—É–º–Ω–æ–≥–æ –¥–æ–º—É. –¶–µ –ø–æ–Ω–∞–¥ 70 –ø—Ä–∏—Å—Ç—Ä–æ—ó–≤, –º–æ–±—ñ–ª—å–Ω—ñ —Ç–∞ –¥–µ—Å–∫—Ç–æ–ø–Ω—ñ –∑–∞—Å—Ç–æ—Å—É–Ω–∫–∏, —Å–µ—Ä–≤–µ—Ä–Ω–∞ —ñ–Ω—Ñ—Ä–∞—Å—Ç—Ä—É–∫—Ç—É—Ä–∞. –£ –ª—ñ–Ω—ñ–π—Ü—ñ –î–µ—Ç–∞–ª—å–Ω—ñ—à–µ",3,29
Python Developer with Murex Experience,Gransoft solutions,"–ù—ñ–º–µ—á—á–∏–Ω–∞, –ì—Ä—É–∑—ñ—è, –ö–∞–∑–∞—Ö—Å—Ç–∞–Ω, –ü–æ–ª—å—â–∞, –£–∫—Ä–∞—ó–Ω–∞","['¬∑ –¢—ñ–ª—å–∫–∏ –≤—ñ–¥–¥–∞–ª–µ–Ω–æ', '¬∑ 2 —Ä–æ–∫–∏ –¥–æ—Å–≤—ñ–¥—É', '¬∑ Upper-Intermediate']",A renowned international company specializing in innovative financial services is seeking a Python developer with extensive expertise in the MUREX platform. Qualification –î–µ—Ç–∞–ª—å–Ω—ñ—à–µ,45,210
Backend Developer (Python),Sonerim,"–ï—Å—Ç–æ–Ω—ñ—è, –£–∫—Ä–∞—ó–Ω–∞","['¬∑ –¢—ñ–ª—å–∫–∏ –≤—ñ–¥–¥–∞–ª–µ–Ω–æ', '¬∑ 3 —Ä–æ–∫–∏ –¥–æ—Å–≤—ñ–¥—É', '¬∑ Upper-Intermediate']",We are looking for a Backend Developer (Python). Project description: The next-generation household energy platform. Time-zone: Able to work at least 60-70% of –î–µ—Ç–∞–ª—å–Ω—ñ—à–µ,143,360
Python (Django) Engineer,Softwarium,–£–∫—Ä–∞—ó–Ω–∞,"['¬∑ –¢—ñ–ª—å–∫–∏ –≤—ñ–¥–¥–∞–ª–µ–Ω–æ', '¬∑ 5 —Ä–æ–∫—ñ–≤ –¥–æ—Å–≤—ñ–¥—É', '¬∑ Upper-Intermediate']","We are Softwarium, a Ukrainian outsourcing IT company. We have been developing software for American, Canadian, and Norwegian clients in the education, healthcare, energy, and –î–µ—Ç–∞–ª—å–Ω—ñ—à–µ",14,93
Data Engineer (Python),FF Group,"–ß–µ—Ö—ñ—è, –£–∫—Ä–∞—ó–Ω–∞","['¬∑ Product', '¬∑ Office –∞–±–æ Remote', '¬∑ 3 —Ä–æ–∫–∏ –¥–æ—Å–≤—ñ–¥—É', '¬∑ Intermediate']",Required work experience: 3‚Äì6 years Type of employment: full-time Who we are FF Group is an innovative data solution provider with 10 years of experience –î–µ—Ç–∞–ª—å–Ω—ñ—à–µ,44,177
Full Stack Developer (Python),Murano Software,"–Ü—Å–ø–∞–Ω—ñ—è, –£–∫—Ä–∞—ó–Ω–∞, –£–∑–±–µ–∫–∏—Å—Ç–∞–Ω","['¬∑ –¢—ñ–ª—å–∫–∏ –≤—ñ–¥–¥–∞–ª–µ–Ω–æ', '¬∑ 5 —Ä–æ–∫—ñ–≤ –¥–æ—Å–≤—ñ–¥—É', '¬∑ Upper-Intermediate']",We are looking for a skilled Full Stack Developer with a robust background in Python and experience with Django and Zappa for backend development. While proficiency in Flutter for –î–µ—Ç–∞–ª—å–Ω—ñ—à–µ,9,226
Senior Python-focused engineer with BE knowledge,Global17 East,–£–∫—Ä–∞—ó–Ω–∞ (–ö–∏—ó–≤),"['¬∑ Product', '¬∑ Office –∞–±–æ Remote', '¬∑ 5 —Ä–æ–∫—ñ–≤ –¥–æ—Å–≤—ñ–¥—É', '¬∑ Advanced/Fluent']",We are seeking a seasoned python-focused engineer who possesses a passion for crafting cutting-edge solutions. This role involves contributing to the development of our –î–µ—Ç–∞–ª—å–Ω—ñ—à–µ,0,53
Middle/Senior BE engineer with Python knowledge,Global17 East,–£–∫—Ä–∞—ó–Ω–∞ (–ö–∏—ó–≤),"['¬∑ Product', '¬∑ Office –∞–±–æ Remote', '¬∑ 3 —Ä–æ–∫–∏ –¥–æ—Å–≤—ñ–¥—É', '¬∑ Advanced/Fluent']","We are seeking a seasoned Backend Engineer who possesses a passion for crafting cutting-edge solutions. This role involves contributing to the development of our innovative, –î–µ—Ç–∞–ª—å–Ω—ñ—à–µ",4,53
Python Developer/Data Engineer,Ajax Systems,–£–∫—Ä–∞—ó–Ω–∞ (–ö–∏—ó–≤),"['¬∑ Product', '¬∑ –¢—ñ–ª—å–∫–∏ –æ—Ñ—ñ—Å', '¬∑ 3 —Ä–æ–∫–∏ –¥–æ—Å–≤—ñ–¥—É']","Ajax Systems ‚Äî —Ä–æ–∑—Ä–æ–±–Ω–∏–∫ —ñ –≤–∏—Ä–æ–±–Ω–∏–∫ —Å–∏—Å—Ç–µ–º –±–µ–∑–ø–µ–∫–∏ Ajax —ñ–∑ –º–æ–∂–ª–∏–≤–æ—Å—Ç—è–º–∏ —Ä–æ–∑—É–º–Ω–æ–≥–æ –¥–æ–º—É. –¶–µ –ø–æ–Ω–∞–¥ 70 –ø—Ä–∏—Å—Ç—Ä–æ—ó–≤, –º–æ–±—ñ–ª—å–Ω—ñ —Ç–∞ –¥–µ—Å–∫—Ç–æ–ø–Ω—ñ –∑–∞—Å—Ç–æ—Å—É–Ω–∫–∏, —Å–µ—Ä–≤–µ—Ä–Ω–∞ —ñ–Ω—Ñ—Ä–∞—Å—Ç—Ä—É–∫—Ç—É—Ä–∞. –£ –ª—ñ–Ω—ñ–π—Ü—ñ –î–µ—Ç–∞–ª—å–Ω—ñ—à–µ",5,82
Python Developer/AI Specialist (part - time),Softermii,–£–∫—Ä–∞—ó–Ω–∞,"['¬∑ –¢—ñ–ª—å–∫–∏ –≤—ñ–¥–¥–∞–ª–µ–Ω–æ', '¬∑ 5 —Ä–æ–∫—ñ–≤ –¥–æ—Å–≤—ñ–¥—É', '¬∑ Upper-Intermediate']","üì≤Project: Is a leading startup and a provider of an AI-driven system that provides the tools and capabilities to create your own character, communicate with it, and build –î–µ—Ç–∞–ª—å–Ω—ñ—à–µ",27,169
Senior Python Developer for AI Project (Location - Germany only) qp,Confitech Dienstleistungs GmbH,"–†–µ–ª–æ–∫–µ–π—Ç, –ù—ñ–º–µ—á—á–∏–Ω–∞","['¬∑ Product', '¬∑ Office –∞–±–æ Remote', '¬∑ 5 —Ä–æ–∫—ñ–≤ –¥–æ—Å–≤—ñ–¥—É', '¬∑ Upper-Intermediate']",‚úÖ This position is for direct hiring. You will become an official client's employee. üìç This position requires working within üá©üá™ Germany About the company & –î–µ—Ç–∞–ª—å–Ω—ñ—à–µ,15,89
Python developer with DevOps experience,Jito.dev,–£–∫—Ä–∞—ó–Ω–∞,"['¬∑ –¢—ñ–ª—å–∫–∏ –≤—ñ–¥–¥–∞–ª–µ–Ω–æ', '¬∑ 2 —Ä–æ–∫–∏ –¥–æ—Å–≤—ñ–¥—É', '¬∑ Upper-Intermediate']",We're looking for a motivated Python developer to join our miracle team. REQUIREMENTS: - At least 2 years of experience in Python; - Experience implementing DevOps –î–µ—Ç–∞–ª—å–Ω—ñ—à–µ,26,141
Senior Python Engineer,HebronSoft,–£–∫—Ä–∞—ó–Ω–∞ (–õ—å–≤—ñ–≤),"['¬∑ –¢—ñ–ª—å–∫–∏ –≤—ñ–¥–¥–∞–ª–µ–Ω–æ', '¬∑ 5 —Ä–æ–∫—ñ–≤ –¥–æ—Å–≤—ñ–¥—É', '¬∑ Intermediate']","Description: We are seeking an experienced Senior Python Engineer to join our team in the field of e-commerce and finance. Our client, a leading company in this space, is –î–µ—Ç–∞–ª—å–Ω—ñ—à–µ",5,69
Junior Backend Developer (Python + Django),Devsteam.cloud,–£–∫—Ä–∞—ó–Ω–∞,"['¬∑ Product', '¬∑ –¢—ñ–ª—å–∫–∏ –≤—ñ–¥–¥–∞–ª–µ–Ω–æ', '¬∑ 1 —Ä—ñ–∫ –¥–æ—Å–≤—ñ–¥—É']",We are an innovative and dynamic company leader in its field. We firmly believe that our employees are our greatest asset and invest significant resources in their growth and –î–µ—Ç–∞–ª—å–Ω—ñ—à–µ,162,768
Senior Python/Django Engineer,at Apexive,"–ß–µ—Ö—ñ—è, –ù—ñ–¥–µ—Ä–ª–∞–Ω–¥–∏, –ü–æ–ª—å—â–∞, –£–∫—Ä–∞—ó–Ω–∞","['¬∑ –¢—ñ–ª—å–∫–∏ –≤—ñ–¥–¥–∞–ª–µ–Ω–æ', '¬∑ 3 —Ä–æ–∫–∏ –¥–æ—Å–≤—ñ–¥—É', '¬∑ Upper-Intermediate']","Apexive is a premier software studio that creates top-notch technology for startups. We have a remote-first culture, and this position can be based anywhere. We encourage –î–µ—Ç–∞–ª—å–Ω—ñ—à–µ",30,156
Senior Python Developer,Luxoft,–£–∫—Ä–∞—ó–Ω–∞,"['¬∑ Office –∞–±–æ Remote', '¬∑ 5 —Ä–æ–∫—ñ–≤ –¥–æ—Å–≤—ñ–¥—É', '¬∑ Upper-Intermediate']",Project Description: One of the world's largest providers of products and services to the energy industry has a need to develop and support cloud-based enterprise information –î–µ—Ç–∞–ª—å–Ω—ñ—à–µ,2,21
Senior Python Developer,Luxoft,"–£–∫—Ä–∞—ó–Ω–∞ (–î–Ω—ñ–ø—Ä–æ, –ö–∏—ó–≤, –û–¥–µ—Å–∞)","['¬∑ Office –∞–±–æ Remote', '¬∑ 3 —Ä–æ–∫–∏ –¥–æ—Å–≤—ñ–¥—É', '¬∑ Upper-Intermediate']",Project Description: One of the world's largest providers of products and services to the energy industry has a need to develop and support cloud-based enterprise information –î–µ—Ç–∞–ª—å–Ω—ñ—à–µ,5,41
Python Developer,Luxoft,–£–∫—Ä–∞—ó–Ω–∞,"['¬∑ Office –∞–±–æ Remote', '¬∑ 3 —Ä–æ–∫–∏ –¥–æ—Å–≤—ñ–¥—É', '¬∑ Upper-Intermediate']",One of the world's largest providers of products and services to the energy industry has a need to develop and support cloud-based enterprise information system in Oil & Gas –î–µ—Ç–∞–ª—å–Ω—ñ—à–µ,15,95
Senior Python Developer,Luxoft,–£–∫—Ä–∞—ó–Ω–∞,"['¬∑ Office –∞–±–æ Remote', '¬∑ 3 —Ä–æ–∫–∏ –¥–æ—Å–≤—ñ–¥—É', '¬∑ Upper-Intermediate']",Project Description: One of the world's largest providers of products and services to the energy industry has a need to develop and support cloud-based enterprise information –î–µ—Ç–∞–ª—å–Ω—ñ—à–µ,1,21
Senior Python Developer,Luxoft,–£–∫—Ä–∞—ó–Ω–∞,"['¬∑ Office –∞–±–æ Remote', '¬∑ 3 —Ä–æ–∫–∏ –¥–æ—Å–≤—ñ–¥—É', '¬∑ Upper-Intermediate']",Project Description: One of the world's largest providers of products and services to the energy industry has a need to develop and support cloud-based enterprise information –î–µ—Ç–∞–ª—å–Ω—ñ—à–µ,2,32
Python Developer,Luxoft,–£–∫—Ä–∞—ó–Ω–∞,"['¬∑ Office –∞–±–æ Remote', '¬∑ 3 —Ä–æ–∫–∏ –¥–æ—Å–≤—ñ–¥—É', '¬∑ Upper-Intermediate']",Project Description: One of the world's largest providers of products and services to the energy industry has a need to develop and support cloud-based enterprise information –î–µ—Ç–∞–ª—å–Ω—ñ—à–µ,5,47
Middle Python Developer,Leadsdoit,"–ö—ñ–ø—Ä, –ù—ñ–º–µ—á—á–∏–Ω–∞, –Ü—Å–ø–∞–Ω—ñ—è, –ü–æ–ª—å—â–∞, –ü–æ—Ä—Ç—É–≥–∞–ª—ñ—è","['¬∑ –¢—ñ–ª—å–∫–∏ –≤—ñ–¥–¥–∞–ª–µ–Ω–æ', '¬∑ 2 —Ä–æ–∫–∏ –¥–æ—Å–≤—ñ–¥—É', '¬∑ Intermediate']",Leadsdoit - —É—Å–ø—ñ—à–Ω–∞ performance marketing –∫–æ–º–ø–∞–Ω—ñ—è –∑ —É–∫—Ä–∞—ó–Ω—Å—å–∫–∏–º –∫–æ—Ä—ñ–Ω–Ω—è–º. –ú–∏ –∑–∞–π–º–∞—î–º–æ—Å—è affiliate-monetized –ø—Ä–æ—î–∫—Ç–∞–º–∏ –¥–ª—è –∑–∞–∫–æ—Ä–¥–æ–Ω–Ω–∏—Ö —Ç–∞ –≤–Ω—É—Ç—Ä—ñ—à–Ω—ñ—Ö —Ä–∏–Ω–∫—ñ–≤. –°—Ç–≤–æ—Ä—é—î–º–æ –≤–ª–∞—Å–Ω—ñ –î–µ—Ç–∞–ª—å–Ω—ñ—à–µ,5,30
"Senior Python Developer(AI, ML experience)",Trinetix,"–ë–æ–ª–≥–∞—Ä—ñ—è, –ö—ñ–ø—Ä, –ü–æ–ª—å—â–∞, –°–ª–æ–≤–∞—á—á–∏–Ω–∞, –¢—É—Ä–µ—á—á–∏–Ω–∞","['¬∑ Office –∞–±–æ Remote', '¬∑ 3 —Ä–æ–∫–∏ –¥–æ—Å–≤—ñ–¥—É', '¬∑ Upper-Intermediate']","Job Description: We are seeking a talented and experienced Python Developer to join our team, focused on working with ChatGPT, AWS GlueJobs, and AWS SageMaker or Azure Cloud –î–µ—Ç–∞–ª—å–Ω—ñ—à–µ",6,35
Middle Python Developer,Trinetix,"–ö—ñ–ø—Ä, –ü–æ–ª—å—â–∞, –°–ª–æ–≤–∞—á—á–∏–Ω–∞, –¢—É—Ä–µ—á—á–∏–Ω–∞, –ë–æ–ª–≥–∞—Ä—ñ—è","['¬∑ Office –∞–±–æ Remote', '¬∑ 2 —Ä–æ–∫–∏ –¥–æ—Å–≤—ñ–¥—É', '¬∑ Upper-Intermediate']","We are seeking a talented and experienced Python Developer to join our team, focused on working with ChatGPT, AWS GlueJobs, and AWS SageMaker or Azure Cloud Platform tools. The –î–µ—Ç–∞–ª—å–Ω—ñ—à–µ",14,44
Middle Python Developer with Experience in ML/NLP frameworks,SFox GmbH,"–ß–µ—Ö—ñ—è, –ü–æ–ª—å—â–∞, –ü–æ—Ä—Ç—É–≥–∞–ª—ñ—è, –°–ª–æ–≤–∞—á—á–∏–Ω–∞, –£–∫—Ä–∞—ó–Ω–∞","['¬∑ Product', '¬∑ –¢—ñ–ª—å–∫–∏ –≤—ñ–¥–¥–∞–ª–µ–Ω–æ', '¬∑ 3 —Ä–æ–∫–∏ –¥–æ—Å–≤—ñ–¥—É', '¬∑ Upper-Intermediate']","Looking for middle Python Developer with Experience in ML/NLP frameworks On behalf of our client in Sweden, we‚Äôre looking for skilled remote Fullstack developer. You will –î–µ—Ç–∞–ª—å–Ω—ñ—à–µ",21,110
Senior Python Developer,Trinetix,"–†–µ–ª–æ–∫–µ–π—Ç, –ë–æ–ª–≥–∞—Ä—ñ—è, –£–≥–æ—Ä—â–∏–Ω–∞, –ü–æ–ª—å—â–∞, –°–ª–æ–≤–∞—á—á–∏–Ω–∞","['¬∑ Office –∞–±–æ Remote', '¬∑ 3 —Ä–æ–∫–∏ –¥–æ—Å–≤—ñ–¥—É', '¬∑ Upper-Intermediate']","We are seeking a talented and experienced Python Developer to join our team, focused on working with ChatGPT, AWS GlueJobs, and AWS SageMaker or Azure Cloud Platform tools. –î–µ—Ç–∞–ª—å–Ω—ñ—à–µ",15,91
Python Developer,Trinetix,"–ü–æ–ª—å—â–∞, –£–∫—Ä–∞—ó–Ω–∞ (–ö–∏—ó–≤)","['¬∑ Office –∞–±–æ Remote', '¬∑ 2 —Ä–æ–∫–∏ –¥–æ—Å–≤—ñ–¥—É', '¬∑ Upper-Intermediate']","We are seeking a talented and experienced Python Developer to join our team, focused on working with ChatGPT, AWS GlueJobs, and AWS SageMaker or Azure Cloud Platform tools. The –î–µ—Ç–∞–ª—å–Ω—ñ—à–µ",14,80
Python Developer (Data engineering),Dataforest,–£–∫—Ä–∞—ó–Ω–∞,"['¬∑ Office –∞–±–æ Remote', '¬∑ 1 —Ä—ñ–∫ –¥–æ—Å–≤—ñ–¥—É', '¬∑ Intermediate']","We are looking for a proactive and result-oriented Python Developer with data engineering expertise for the International E-commerce Project. In each position, we provide –î–µ—Ç–∞–ª—å–Ω—ñ—à–µ",31,253
IoT developer (LoRaWAN),Quintagroup,–£–∫—Ä–∞—ó–Ω–∞ (–õ—å–≤—ñ–≤),"['¬∑ Office –∞–±–æ Remote', '¬∑ 3 —Ä–æ–∫–∏ –¥–æ—Å–≤—ñ–¥—É', '¬∑ Intermediate']",Quintagroup is looking for LoRaWAN engineer to join the development team of IoT solutions. RESPONSIBILITIES: development with Python participation in planning –î–µ—Ç–∞–ª—å–Ω—ñ—à–µ,6,42
Senior Software Engineer (IoT),Quintagroup,–£–∫—Ä–∞—ó–Ω–∞ (–õ—å–≤—ñ–≤),"['¬∑ Office –∞–±–æ Remote', '¬∑ 3 —Ä–æ–∫–∏ –¥–æ—Å–≤—ñ–¥—É', '¬∑ Intermediate']",Quintagroup is looking for Software Enginee engineer to join the development team of IoT solutions. RESPONSIBILITIES: participation in planning and execution –î–µ—Ç–∞–ª—å–Ω—ñ—à–µ,2,35
Senior Python Developer (Django),Quintagroup,–£–∫—Ä–∞—ó–Ω–∞ (–õ—å–≤—ñ–≤),"['¬∑ Office –∞–±–æ Remote', '¬∑ 3 —Ä–æ–∫–∏ –¥–æ—Å–≤—ñ–¥—É', '¬∑ Upper-Intermediate']",Quintagroup —à—É–∫–∞—î —Å–µ–Ω—ñ–æ—Ä Python/Django —Ä–æ–∑—Ä–æ–±–Ω–∏–∫—ñ–≤ –≤ –∫–æ–º–∞–Ω–¥–∏ —â–æ –ø—Ä–∞—Ü—é—é—Ç—å –Ω–∞–¥ —Å—Ç–≤–æ—Ä–µ–Ω–Ω—è–º –ø—Ä–æ–¥—É–∫—Ç—ñ–≤ –∫–æ–º–ø–∞–Ω—ñ—ó —â–æ –∑–∞–π–º–∞—î—Ç—å—Å—è –≤–∏—Ä–æ–±–Ω–∏—Ü—Ç–≤–æ–º —Ç–∞ –≤—Å—Ç–∞–Ω–æ–≤–ª–µ–Ω–Ω—è–º —Å–æ–Ω—è—á–Ω–∏—Ö –ø–∞–Ω–µ–ª–µ–π. Technology –î–µ—Ç–∞–ª—å–Ω—ñ—à–µ,17,58
Middle Python Developer,Atto Trading,–£–∫—Ä–∞—ó–Ω–∞ (–ö–∏—ó–≤),"['¬∑ Product', '¬∑ –ì—ñ–±—Ä–∏–¥–Ω–∞ —Ä–æ–±–æ—Ç–∞', '¬∑ 5 —Ä–æ–∫—ñ–≤ –¥–æ—Å–≤—ñ–¥—É', '¬∑ Upper-Intermediate']","About Us: Atto Trading is a quantitative trading firm operating a portfolio of signal-driven, high-frequency strategies in cash equities and futures. We are building a global, –î–µ—Ç–∞–ª—å–Ω—ñ—à–µ",8,85
Senior Python Engineer IRC206424,GlobalLogic,"–£–∫—Ä–∞—ó–Ω–∞ (–ö–∏—ó–≤, –õ—å–≤—ñ–≤, –•–∞—Ä–∫—ñ–≤)","['¬∑ Office –∞–±–æ Remote', '¬∑ 3 —Ä–æ–∫–∏ –¥–æ—Å–≤—ñ–¥—É', '¬∑ Upper-Intermediate']",Description: Our client is one of the leaders in Software as a service in the world of business applications. You will be working on a data platform. About the –î–µ—Ç–∞–ª—å–Ω—ñ—à–µ,44,128
Python (Django) Developer,PLANEKS,–£–∫—Ä–∞—ó–Ω–∞,"['¬∑ –¢—ñ–ª—å–∫–∏ –≤—ñ–¥–¥–∞–ª–µ–Ω–æ', '¬∑ 2 —Ä–æ–∫–∏ –¥–æ—Å–≤—ñ–¥—É', '¬∑ Intermediate']",Let‚Äôs start with what PLANEKS offers: 0. Fast and comfortable hiring process. 1. 100% remote(even before the COVID) work opportunity and flexitime - choose working hours –î–µ—Ç–∞–ª—å–Ω—ñ—à–µ,80,258
Senior Python Developer,KISS Software,–£–∫—Ä–∞—ó–Ω–∞,"['¬∑ –¢—ñ–ª—å–∫–∏ –≤—ñ–¥–¥–∞–ª–µ–Ω–æ', '¬∑ 3 —Ä–æ–∫–∏ –¥–æ—Å–≤—ñ–¥—É']","We are young, creative and brave specialists. Our only mission is to Keep IT Sweet and Simple (K.I.S.S.) for you. It is our philosophy and sole aim. We are striving to make the –î–µ—Ç–∞–ª—å–Ω—ñ—à–µ",6,28
Senior Python developer for an AI startup,Qualicode,–Ü–∑—Ä–∞—ó–ª—å,"['¬∑ Product', '¬∑ –¢—ñ–ª—å–∫–∏ –≤—ñ–¥–¥–∞–ª–µ–Ω–æ', '¬∑ 5 —Ä–æ–∫—ñ–≤ –¥–æ—Å–≤—ñ–¥—É', '¬∑ Upper-Intermediate']",*This is a 100% remote position. *If you are experienced with Typescript that's a big advantage *direct hire by the product startup *fast&respectful hiring process We are –î–µ—Ç–∞–ª—å–Ω—ñ—à–µ,37,139
Python Developer,Lumitech,"–£–∫—Ä–∞—ó–Ω–∞, –û–± º—î–¥–Ω–∞–Ω—ñ –ê—Ä–∞–±—Å—å–∫—ñ –ï–º—ñ—Ä–∞—Ç–∏","['¬∑ –¢—ñ–ª—å–∫–∏ –≤—ñ–¥–¥–∞–ª–µ–Ω–æ', '¬∑ 1 —Ä—ñ–∫ –¥–æ—Å–≤—ñ–¥—É', '¬∑ Upper-Intermediate']","We are seeking a talented and passionate Python Developer to join our dynamic development team. You will play a role in designing and implementing server-side applications, –î–µ—Ç–∞–ª—å–Ω—ñ—à–µ",225,721
Middle Python Developer,Boosty Labs,–£–∫—Ä–∞—ó–Ω–∞,"['¬∑ Office –∞–±–æ Remote', '¬∑ 3 —Ä–æ–∫–∏ –¥–æ—Å–≤—ñ–¥—É', '¬∑ Upper-Intermediate']","Project information/About the client: A cloud GPU rental platform, that provides cost-effective access to a diverse range of GPU servers, including NVIDIA A100s, RTX A6000s, –î–µ—Ç–∞–ª—å–Ω—ñ—à–µ",29,102
Python/Django Engineer,Intobi,–£–∫—Ä–∞—ó–Ω–∞ (–ö–∏—ó–≤),"['¬∑ Office –∞–±–æ Remote', '¬∑ 3 —Ä–æ–∫–∏ –¥–æ—Å–≤—ñ–¥—É', '¬∑ Upper-Intermediate']","Hey guys üëã We‚Äôre Intobi - a software development company, located in Kyiv üá∫üá¶ Our main specialization is Web & Mobile applications + UI/UX Design. We‚Äôre looking for a –î–µ—Ç–∞–ª—å–Ω—ñ—à–µ",8,82
Senior Developer / CI Developer (IRC206222),GlobalLogic,–ü–æ–ª—å—â–∞,"['¬∑ Office –∞–±–æ Remote', '¬∑ 5 —Ä–æ–∫—ñ–≤ –¥–æ—Å–≤—ñ–¥—É', '¬∑ Upper-Intermediate']","We are looking for a team to support us with Core System Application Integration, we are in need of an agile team, building test environments for new platforms and programs. We –î–µ—Ç–∞–ª—å–Ω—ñ—à–µ",0,7
Senior Python Developer,Particles Global,"–ù—ñ–º–µ—á—á–∏–Ω–∞, –£–∫—Ä–∞—ó–Ω–∞","['¬∑ –¢—ñ–ª—å–∫–∏ –≤—ñ–¥–¥–∞–ª–µ–Ω–æ', '¬∑ 5 —Ä–æ–∫—ñ–≤ –¥–æ—Å–≤—ñ–¥—É', '¬∑ Upper-Intermediate']",The Germany based current customer of Particles Global is looking for a Senior Python Developer to join the team from January 2024. The customer provides a central platform for –î–µ—Ç–∞–ª—å–Ω—ñ—à–µ,13,57
Middle Python,Sunrise Technology,–£–∫—Ä–∞—ó–Ω–∞,"['¬∑ –ì—ñ–±—Ä–∏–¥–Ω–∞ —Ä–æ–±–æ—Ç–∞', '¬∑ 1 —Ä—ñ–∫ –¥–æ—Å–≤—ñ–¥—É']","–ú–∏ –∑–∞–ø—Ä–æ—à—É—î–º–æ –º–æ–ª–æ–¥—à–æ–≥–æ —Ä–æ–∑—Ä–æ–±–Ω–∏–∫–∞ Python –¥–ª—è —É—á–∞—Å—Ç—ñ —É —Å—Ç–≤–æ—Ä–µ–Ω–Ω—ñ –≤–∏—Å–æ–∫–æ—è–∫—ñ—Å–Ω–∏—Ö —Ç–∞ –µ—Ñ–µ–∫—Ç–∏–≤–Ω–∏—Ö –ø—Ä–æ–≥—Ä–∞–º–Ω–∏—Ö —Ä—ñ—à–µ–Ω—å. –í–∏–º–æ–≥–∏ –≤–∫–ª—é—á–∞—é—Ç—å –±–∞–∑–æ–≤—ñ –∑–Ω–∞–Ω–Ω—è Python, –±–∞–∂–∞–Ω–Ω—è –≤–∏–≤—á–∞—Ç–∏ –Ω–æ–≤—ñ –î–µ—Ç–∞–ª—å–Ω—ñ—à–µ",145,296
Middle Python Developer,AI Pickles,–£–∫—Ä–∞—ó–Ω–∞,"['¬∑ –¢—ñ–ª—å–∫–∏ –≤—ñ–¥–¥–∞–ª–µ–Ω–æ', '¬∑ 2 —Ä–æ–∫–∏ –¥–æ—Å–≤—ñ–¥—É']","We are looking for a passionate, energetic Python developer who will successfully deliver solutions for our customers due to their business goals. General requirements: 3+ –î–µ—Ç–∞–ª—å–Ω—ñ—à–µ",27,121
Looking Middle Python Developer,Inquatro,–£–∫—Ä–∞—ó–Ω–∞,"['¬∑ –¢—ñ–ª—å–∫–∏ –≤—ñ–¥–¥–∞–ª–µ–Ω–æ', '¬∑ 3 —Ä–æ–∫–∏ –¥–æ—Å–≤—ñ–¥—É', '¬∑ Upper-Intermediate']",Looking Middle Python Developer We are seeking a highly skilled and with excellent communication skills Python developer to join our dynamic team. As a Python back-end –î–µ—Ç–∞–ª—å–Ω—ñ—à–µ,22,83
Middle Python Developer,ISI Technology,–£–∫—Ä–∞—ó–Ω–∞,"['¬∑ Product', '¬∑ –¢—ñ–ª—å–∫–∏ –≤—ñ–¥–¥–∞–ª–µ–Ω–æ', '¬∑ 3 —Ä–æ–∫–∏ –¥–æ—Å–≤—ñ–¥—É', '¬∑ Intermediate']","–ù–µ–æ–±—Ö—ñ–¥–Ω—ñ –Ω–∞–≤–∏—á–∫–∏ 3+ years of professional experience in Python development 3+ years of professional experience: PostgreSQL, Django Rest Working Experience with DRF 3.X, –î–µ—Ç–∞–ª—å–Ω—ñ—à–µ",34,121
Lead AI Engineer,1touch,–£–∫—Ä–∞—ó–Ω–∞,"['¬∑ Product', '¬∑ Office –∞–±–æ Remote', '¬∑ 5 —Ä–æ–∫—ñ–≤ –¥–æ—Å–≤—ñ–¥—É', '¬∑ Pre-Intermediate']",Role: We're seeking a skilled and enthusiastic Lead AI Engineer with strong expertise in NLP and computer vision to propel our team to spearheading the development and deployment –î–µ—Ç–∞–ª—å–Ω—ñ—à–µ,16,94
Python Developer,Uni Agency,–£–∫—Ä–∞—ó–Ω–∞,"['¬∑ –¢—ñ–ª—å–∫–∏ –≤—ñ–¥–¥–∞–ª–µ–Ω–æ', '¬∑ 2 —Ä–æ–∫–∏ –¥–æ—Å–≤—ñ–¥—É', '¬∑ Upper-Intermediate']",Uni Agency is a team of professionals who specializes in 3D graphics and website creation. We are truly professionals in our field. We can teach you to understand our niche –î–µ—Ç–∞–ª—å–Ω—ñ—à–µ,162,331
Senior Full Stack Software Developer (Python+JS),Sigma Software,"–ü–æ–ª—å—â–∞, –£–∫—Ä–∞—ó–Ω–∞","['¬∑ Office –∞–±–æ Remote', '¬∑ 5 —Ä–æ–∫—ñ–≤ –¥–æ—Å–≤—ñ–¥—É', '¬∑ Upper-Intermediate']",We‚Äôre in search of an experienced Senior Full stack Software Developer ready to significantly impact on the product development of our groundbreaking Defense Platform. This –î–µ—Ç–∞–ª—å–Ω—ñ—à–µ,14,68
Python Developer in Test (Apps),Ajax Systems,"–†–µ–ª–æ–∫–µ–π—Ç, –£–∫—Ä–∞—ó–Ω–∞ (–ö–∏—ó–≤)","['¬∑ Product', '¬∑ –¢—ñ–ª—å–∫–∏ –æ—Ñ—ñ—Å', '¬∑ 2 —Ä–æ–∫–∏ –¥–æ—Å–≤—ñ–¥—É']",About project: Ajax is an ecosystem whose work is impossible without high-quality and easy-to-use applications. Manual testers and the automation team are responsible for the –î–µ—Ç–∞–ª—å–Ω—ñ—à–µ,8,102
Senior Python developer,Yalantis,"–£–∫—Ä–∞—ó–Ω–∞ (–î–Ω—ñ–ø—Ä–æ, –ö–∏—ó–≤, –õ—å–≤—ñ–≤)","['¬∑ Office –∞–±–æ Remote', '¬∑ 5 —Ä–æ–∫—ñ–≤ –¥–æ—Å–≤—ñ–¥—É', '¬∑ Upper-Intermediate']","We‚Äôre looking for an experienced Python developer to join our team. Responsibilities: - Collaborate and build solutions regarding architecture, backend APIs, and –î–µ—Ç–∞–ª—å–Ω—ñ—à–µ",11,49
Senior Python Backend Engineer,Develux,–£–∫—Ä–∞—ó–Ω–∞,"['¬∑ Product', '¬∑ Office –∞–±–æ Remote', '¬∑ 5 —Ä–æ–∫—ñ–≤ –¥–æ—Å–≤—ñ–¥—É', '¬∑ Upper-Intermediate']",What are we doing? Develux is an IT consulting and software development company with products for the US market and outsourcing services worldwide. The company has been on –î–µ—Ç–∞–ª—å–Ω—ñ—à–µ,20,51
Senior Backend Engineer (Python),Orderry,–£–∫—Ä–∞—ó–Ω–∞ (–ö–∏—ó–≤),"['¬∑ Product', '¬∑ –ì—ñ–±—Ä–∏–¥–Ω–∞ —Ä–æ–±–æ—Ç–∞', '¬∑ 5 —Ä–æ–∫—ñ–≤ –¥–æ—Å–≤—ñ–¥—É', '¬∑ Intermediate']","–°—Ç–µ–∫: Python 3.9, Django 4, DRF, Celery, PostgreSQL, Redis, Kafka, RabbitMQ, OpenAPI, Swagger, Pytest Requirements: 5+ —Ä–æ–∫—ñ–≤ –¥–æ—Å–≤—ñ–¥—É –Ω–∞ –ø–æ–∑–∏—Ü—ñ—ó Python Developer –í–ø–µ–≤–Ω–µ–Ω–µ –î–µ—Ç–∞–ª—å–Ω—ñ—à–µ",4,43
Python Engineer,Hevelian,–£–∫—Ä–∞—ó–Ω–∞ (–õ—å–≤—ñ–≤),"['¬∑ Product', '¬∑ Office –∞–±–æ Remote', '¬∑ 3 —Ä–æ–∫–∏ –¥–æ—Å–≤—ñ–¥—É', '¬∑ Upper-Intermediate']",Project description: Our project is the ultimate health coaching app designed to empower individuals to achieve their wellness goals. Our seasoned doctors and coaches work –î–µ—Ç–∞–ª—å–Ω—ñ—à–µ,20,79
Python Engineer (Poland),Adaptiq,–ü–æ–ª—å—â–∞,"['¬∑ Product', '¬∑ –¢—ñ–ª—å–∫–∏ –≤—ñ–¥–¥–∞–ª–µ–Ω–æ', '¬∑ 5 —Ä–æ–∫—ñ–≤ –¥–æ—Å–≤—ñ–¥—É', '¬∑ Upper-Intermediate']","We are a pioneer in the field of Enhanced Sensory AI, and are proud to say that we have transformed customer and field service sectors. With an impressive portfolio of patents in –î–µ—Ç–∞–ª—å–Ω—ñ—à–µ",4,21
Senior Python (Django) Developer,Zutobi,"–®–≤–µ—Ü—ñ—è, –£–∫—Ä–∞—ó–Ω–∞","['¬∑ Product', '¬∑ –¢—ñ–ª—å–∫–∏ –≤—ñ–¥–¥–∞–ª–µ–Ω–æ', '¬∑ 5 —Ä–æ–∫—ñ–≤ –¥–æ—Å–≤—ñ–¥—É', '¬∑ Intermediate']",Zutobi is a global edtech product company that provides engaging and innovative digital solutions for driver education. Our core product Zutobi Drivers Ed is an app and –î–µ—Ç–∞–ª—å–Ω—ñ—à–µ,18,58
Middle/Senior Full Stack (Python / React.js / TypeScript),Kozak Agency,–£–∫—Ä–∞—ó–Ω–∞,"['¬∑ –¢—ñ–ª—å–∫–∏ –≤—ñ–¥–¥–∞–ª–µ–Ω–æ', '¬∑ 3 —Ä–æ–∫–∏ –¥–æ—Å–≤—ñ–¥—É', '¬∑ Upper-Intermediate']",We are looking for a Python Developer for an outstaff project. About the project: it is a legal technology tool that lets lawyers use everyday words to make changes to –î–µ—Ç–∞–ª—å–Ω—ñ—à–µ,8,44
Python developer / strong junior,dZENcode,–£–∫—Ä–∞—ó–Ω–∞ (–•–∞—Ä–∫—ñ–≤),"['¬∑ –¢—ñ–ª—å–∫–∏ –≤—ñ–¥–¥–∞–ª–µ–Ω–æ', '¬∑ 1 —Ä—ñ–∫ –¥–æ—Å–≤—ñ–¥—É', '¬∑ Pre-Intermediate']",–ù–µ–æ–±—Ö—ñ–¥–Ω—ñ –Ω–∞–≤–∏—á–∫–∏: - –î–æ—Å–≤—ñ–¥ –≤ IT –∫–æ–º–ø–∞–Ω—ñ—ó –Ω–∞ Python - –≤—ñ–¥ 1+ —Ä–æ–∫—É; - –ó–Ω–∞–Ω–Ω—è —Ñ—Ä–µ–π–º–≤–æ—Ä–∫—É Django; - –í–ø–µ–≤–Ω–µ–Ω–µ –∑–Ω–∞–Ω–Ω—è Python3; - –í—ñ–¥–º—ñ–Ω–Ω–µ –∑–Ω–∞–Ω–Ω—è –º–æ–≤–∏ –ø—Ä–æ–≥—Ä–∞–º—É–≤–∞–Ω–Ω—è Python; - –î–µ—Ç–∞–ª—å–Ω—ñ—à–µ,83,434
Staff Software Engineer/Tech lead,SPS Commerce,–£–∫—Ä–∞—ó–Ω–∞ (–ö–∏—ó–≤),"['¬∑ Product', '¬∑ –ì—ñ–±—Ä–∏–¥–Ω–∞ —Ä–æ–±–æ—Ç–∞', '¬∑ 5 —Ä–æ–∫—ñ–≤ –¥–æ—Å–≤—ñ–¥—É', '¬∑ Advanced/Fluent']","Tech Lead is a technical expert and a leader who plays a crucial role in guiding the development team, making technical decisions, and ensuring the successful delivery of a –î–µ—Ç–∞–ª—å–Ω—ñ—à–µ",0,40
Python Lead,Skillers,–£–∫—Ä–∞—ó–Ω–∞ (–ö–∏—ó–≤),"['¬∑ Product', '¬∑ –¢—ñ–ª—å–∫–∏ –≤—ñ–¥–¥–∞–ª–µ–Ω–æ', '¬∑ 5 —Ä–æ–∫—ñ–≤ –¥–æ—Å–≤—ñ–¥—É', '¬∑ Upper-Intermediate']",Job Description Our client - a SaaS platform for managing expert networks that helps make better decisions is looking for a skillful Python Lead to join their team in –î–µ—Ç–∞–ª—å–Ω—ñ—à–µ,6,21
Python Developer,Dataforest,–£–∫—Ä–∞—ó–Ω–∞ (–ö–∏—ó–≤),"['¬∑ Office –∞–±–æ Remote', '¬∑ 1 —Ä—ñ–∫ –¥–æ—Å–≤—ñ–¥—É', '¬∑ Intermediate']","Looking for a Python Developer to join the Dataforest team. If you are looking for a friendly team, a healthy working environment, and a flexible schedule ‚Äí you have found the –î–µ—Ç–∞–ª—å–Ω—ñ—à–µ",37,298
Python Developer,Ronis Business Tools,–£–∫—Ä–∞—ó–Ω–∞,"['¬∑ –¢—ñ–ª—å–∫–∏ –≤—ñ–¥–¥–∞–ª–µ–Ω–æ', '¬∑ 2 —Ä–æ–∫–∏ –¥–æ—Å–≤—ñ–¥—É']","–ù–∞—à–∞ –∫–æ–º–ø–∞–Ω—ñ—è –∑–Ω–∞—Ö–æ–¥–∏—Ç—å—Å—è –≤ –ø–æ—à—É–∫—É –∫–æ–ª–µ–≥–∏ - Python —Ä–æ–∑—Ä–æ–±–Ω–∏–∫–∞ –¥–ª—è —É—á–∞—Å—Ç—ñ —É –∑–∞–∫–æ—Ä–¥–æ–Ω–Ω–∏—Ö –¥–æ–≤–≥–æ—Å—Ç—Ä–æ–∫–æ–≤–∏—Ö –≤–µ–±-–ø—Ä–æ–µ–∫—Ç–∞—Ö. –û—Å–Ω–æ–≤–Ω—ñ –∑–∞–≤–¥–∞–Ω–Ω—è, —è–∫—ñ –≤–∏–∫–æ–Ω—É–≤–∞—Ç–∏–º–µ —Ä–æ–∑—Ä–æ–±–Ω–∏–∫ —É –Ω–∞—à—ñ–π –î–µ—Ç–∞–ª—å–Ω—ñ—à–µ",41,136
"Middle Python/Django developer, full stack (front preferable vue.js)",Itera Research,–£–∫—Ä–∞—ó–Ω–∞ (–•–∞—Ä–∫—ñ–≤),"['¬∑ Office –∞–±–æ Remote', '¬∑ 2 —Ä–æ–∫–∏ –¥–æ—Å–≤—ñ–¥—É', '¬∑ Intermediate']",We are looking for an experienced Middle Python Developer ready to join our team and contribute to an innovative project in the tourism and hospitality industry. Our platform –î–µ—Ç–∞–ª—å–Ω—ñ—à–µ,16,82
Middle Python/Machine Learning Software Engineer,GlobalLogic,–£–∫—Ä–∞—ó–Ω–∞,"['¬∑ –¢—ñ–ª—å–∫–∏ –≤—ñ–¥–¥–∞–ª–µ–Ω–æ', '¬∑ 3 —Ä–æ–∫–∏ –¥–æ—Å–≤—ñ–¥—É', '¬∑ Upper-Intermediate']","Job Description We are looking for a software engineer with solid Python background, to join the core team responsible for the client's company vision data refinery flow. The –î–µ—Ç–∞–ª—å–Ω—ñ—à–µ",113,295
Data Mining Engineer needed for data centric startup,Forecasa,–°–ø–æ–ª—É—á–µ–Ω—ñ –®—Ç–∞—Ç–∏,"['¬∑ Product', '¬∑ –¢—ñ–ª—å–∫–∏ –≤—ñ–¥–¥–∞–ª–µ–Ω–æ', '¬∑ –ë–µ–∑ –¥–æ—Å–≤—ñ–¥—É', '¬∑ Advanced/Fluent']","We're in the process of scaling our current systems and looking for a clever, flexible, and resourceful engineer to help build out our data pipelines. Our existing pipelines –î–µ—Ç–∞–ª—å–Ω—ñ—à–µ",31,245
Middle Strong Python Dev,Codify,"–£–∫—Ä–∞—ó–Ω–∞, –Ü–∑—Ä–∞—ó–ª—å, –ö—ñ–ø—Ä","['¬∑ Product', '¬∑ –¢—ñ–ª—å–∫–∏ –≤—ñ–¥–¥–∞–ª–µ–Ω–æ', '¬∑ 3 —Ä–æ–∫–∏ –¥–æ—Å–≤—ñ–¥—É', '¬∑ Advanced/Fluent']","Codify is a Professional Software Development Powerhouse. Codify provides expert consulting, development and infrastructure services. We work on projects of different scales: from –î–µ—Ç–∞–ª—å–Ω—ñ—à–µ",10,92
Senior Python Developer (with AWS skills),Kozak Agency,–£–∫—Ä–∞—ó–Ω–∞,"['¬∑ Office –∞–±–æ Remote', '¬∑ 5 —Ä–æ–∫—ñ–≤ –¥–æ—Å–≤—ñ–¥—É', '¬∑ Upper-Intermediate']","We are looking for a Python Developer (with AWS skills) for a new and cutting-edge stealth startup, with a goal to ensure risk-free software releases, while bridging the gap –î–µ—Ç–∞–ª—å–Ω—ñ—à–µ",7,34
Database Developer (Graph Databases),FIVEWALLS,–£–∫—Ä–∞—ó–Ω–∞,"['¬∑ –¢—ñ–ª—å–∫–∏ –≤—ñ–¥–¥–∞–ª–µ–Ω–æ', '¬∑ 5 —Ä–æ–∫—ñ–≤ –¥–æ—Å–≤—ñ–¥—É', '¬∑ Upper-Intermediate']","If you‚Äôre looking for a friendly team, a healthy working environment, and a flexible schedule ‚Äí you‚Äôve found the right place to send your CV. If you share our values, you will –î–µ—Ç–∞–ª—å–Ω—ñ—à–µ",5,49
Senior Software Engineer (Python),SPS Commerce,–£–∫—Ä–∞—ó–Ω–∞,"['¬∑ Product', '¬∑ –ì—ñ–±—Ä–∏–¥–Ω–∞ —Ä–æ–±–æ—Ç–∞', '¬∑ 5 —Ä–æ–∫—ñ–≤ –¥–æ—Å–≤—ñ–¥—É', '¬∑ Intermediate']",What We Expect of You: We are adding to our engineering staff in our Kyiv office to work with and support our engineering community in Ukraine and the US. We understand that our –î–µ—Ç–∞–ª—å–Ω—ñ—à–µ,1,24
Software Engineer (Python),SPS Commerce,–£–∫—Ä–∞—ó–Ω–∞,"['¬∑ Product', '¬∑ –ì—ñ–±—Ä–∏–¥–Ω–∞ —Ä–æ–±–æ—Ç–∞', '¬∑ 3 —Ä–æ–∫–∏ –¥–æ—Å–≤—ñ–¥—É', '¬∑ Intermediate']",What We Expect of You: We are adding to our engineering staff in our Kyiv office to work with and support our engineering community in Ukraine and the US. We understand that our –î–µ—Ç–∞–ª—å–Ω—ñ—à–µ,6,48
Scraping Engineer,GroupBWT,–£–∫—Ä–∞—ó–Ω–∞,"['¬∑ –¢—ñ–ª—å–∫–∏ –≤—ñ–¥–¥–∞–ª–µ–Ω–æ', '¬∑ 2 —Ä–æ–∫–∏ –¥–æ—Å–≤—ñ–¥—É', '¬∑ Upper-Intermediate']","Job Description: As a Scraping Engineer at GroupBWT, you will play a crucial role in collecting, processing, and analyzing data from various online sources. If you have a –î–µ—Ç–∞–ª—å–Ω—ñ—à–µ",49,208
Senior Python Developer,EVA,–£–∫—Ä–∞—ó–Ω–∞,"['¬∑ Product', '¬∑ Office –∞–±–æ Remote', '¬∑ 3 —Ä–æ–∫–∏ –¥–æ—Å–≤—ñ–¥—É']","–í—ñ—Ç–∞—é! –Ø –ö–∞—Ç–µ—Ä–∏–Ω–∞, —Ä–µ–∫—Ä—É—Ç–µ—Ä –õ—ñ–Ω—ñ—ó –º–∞–≥–∞–∑–∏–Ω—ñ–≤ EVA. –î—É–∂–µ —Ä–∞–¥–∞ –ø—Ä–æ–¥–æ–≤–∂—É–≤–∞—Ç–∏ —Ä–æ–∑–≤–∏—Ç–æ–∫ –ø—Ä–æ–¥—É–∫—Ç–æ–≤–æ—ó –∫–æ–º–∞–Ω–¥–∏ e-commerce EVA.UA. –ú–∏ –ø–æ—á–∏–Ω–∞—î–º–æ –ø–æ—à—É–∫ Senior Python Developer –¥–ª—è –Ω–∞—à–æ–≥–æ –î–µ—Ç–∞–ª—å–Ω—ñ—à–µ",13,61
Senior Python Developer with AWS,Luxoft,–£–∫—Ä–∞—ó–Ω–∞,"['¬∑ Office –∞–±–æ Remote', '¬∑ 5 —Ä–æ–∫—ñ–≤ –¥–æ—Å–≤—ñ–¥—É', '¬∑ Upper-Intermediate']","Project Description: Development of monitoring and diagnostics system. It fulfils both local and remote data access and analytics requirement, as well as local and remote –î–µ—Ç–∞–ª—å–Ω—ñ—à–µ",5,31
Team Lead Python/Django,Dataforest,–£–∫—Ä–∞—ó–Ω–∞ (–ö–∏—ó–≤),"['¬∑ Office –∞–±–æ Remote', '¬∑ 3 —Ä–æ–∫–∏ –¥–æ—Å–≤—ñ–¥—É', '¬∑ Upper-Intermediate']","We are seeking a highly skilled and experienced Team Lead Python/Django to join our dynamic team. As a Team Lead, you will be an expert and a leader, playing a crucial role in –î–µ—Ç–∞–ª—å–Ω—ñ—à–µ",16,70
Python Developer (Scraping),Dataforest,–£–∫—Ä–∞—ó–Ω–∞,"['¬∑ Office –∞–±–æ Remote', '¬∑ 1 —Ä—ñ–∫ –¥–æ—Å–≤—ñ–¥—É', '¬∑ Intermediate']","Looking for a Python Developer (Scraping) to join the Dataforest team. If you are looking for a friendly team, a healthy working environment, and a flexible schedule ‚Äí you –î–µ—Ç–∞–ª—å–Ω—ñ—à–µ",50,318
Senior Python Developer with AWS,Luxoft,"–£–∫—Ä–∞—ó–Ω–∞ (–í—ñ–Ω–Ω–∏—Ü—è, –î–Ω—ñ–ø—Ä–æ, –ñ–∏—Ç–æ–º–∏—Ä + —â–µ 9 –º—ñ—Å—Ç)","['¬∑ –¢—ñ–ª—å–∫–∏ –≤—ñ–¥–¥–∞–ª–µ–Ω–æ', '¬∑ 5 —Ä–æ–∫—ñ–≤ –¥–æ—Å–≤—ñ–¥—É', '¬∑ Upper-Intermediate']","Project Description: Development of monitoring and diagnostics system. It fulfils both local and remote data access and analytics requirement, as well as local and remote –î–µ—Ç–∞–ª—å–Ω—ñ—à–µ",5,37
Team Lead / Senior Python Engineer (Indigo Ag),Intelliarts,–£–∫—Ä–∞—ó–Ω–∞ (–õ—å–≤—ñ–≤),"['¬∑ Office –∞–±–æ Remote', '¬∑ 5 —Ä–æ–∫—ñ–≤ –¥–æ—Å–≤—ñ–¥—É', '¬∑ Upper-Intermediate']",We are looking for a Team Lead/Senior Software Engineer to join an Indigo Ag Engineering Organization. Indigo is determined to build a development center in Ukraine. Indigo Ag is –î–µ—Ç–∞–ª—å–Ω—ñ—à–µ,12,43
Python Developer for EdTech company,Projector,–£–∫—Ä–∞—ó–Ω–∞,"['¬∑ Product', '¬∑ –¢—ñ–ª—å–∫–∏ –≤—ñ–¥–¥–∞–ª–µ–Ω–æ', '¬∑ 3 —Ä–æ–∫–∏ –¥–æ—Å–≤—ñ–¥—É', '¬∑ Intermediate']","–®—É–∫–∞—î–º–æ –ö–£–†–ê–¢–û–†–ê/–ö–£–†–ê–¢–û–†–ö–£ –Ω–∞ –∫—É—Ä—Å Python Beginning —É Projector Institute. –ú–∏ –º–µ—Ç—á–∏–º–æ, —è–∫—â–æ: ‚Äî –≤ —Ç–µ–±–µ –∫–æ–º–µ—Ä—Ü—ñ–π–Ω–∏–π –¥–æ—Å–≤—ñ–¥ - 3-4 —Ä–æ–∫–∏; ‚Äî –º–∞—î—à —Å—Ç—É–ø—ñ–Ω—å –±–∞–∫–∞–ª–∞–≤—Ä–∞ –∫–æ–º–ø‚Äô—é—Ç–µ—Ä–Ω–∏—Ö –î–µ—Ç–∞–ª—å–Ω—ñ—à–µ",4,56
–®—Ç—É—á–Ω–∏–π —ñ–Ω—Ç–µ–ª–µ–∫—Ç —ñ Python (–±–ª–æ–∫ –®–Ü),IT STEP Academy,–£–∫—Ä–∞—ó–Ω–∞,"['¬∑ –¢—ñ–ª—å–∫–∏ –≤—ñ–¥–¥–∞–ª–µ–Ω–æ', '¬∑ –ë–µ–∑ –¥–æ—Å–≤—ñ–¥—É']",–ú—ñ–∂–Ω–∞—Ä–æ–¥–Ω–∞ –ê–∫–∞–¥–µ–º—ñ—è IT STEP —à—É–∫–∞—î –≤–∏–∫–ª–∞–¥–∞—á–∞ –¥–ª—è –≤–µ–¥–µ–Ω–Ω—è –∫—É—Ä—Å—ñ–≤ –∑ —à—Ç—É—á–Ω–æ–≥–æ —ñ–Ω—Ç–µ–ª–µ–∫—Ç—É —Ç–∞ –ø—Ä–æ–≥—Ä–∞–º—É–≤–∞–Ω–Ω—è –Ω–∞ –º–æ–≤—ñ Python –≤ —Ä–∞–º–∫–∞—Ö –±–ª–æ–∫—É –®–Ü. –Ø–∫—â–æ –≤–∏ —î –¥–æ—Å–≤—ñ–¥—á–µ–Ω–∏–º —Ñ–∞—Ö—ñ–≤—Ü–µ–º –≤ –≥–∞–ª—É–∑—ñ –®–Ü —ñ –î–µ—Ç–∞–ª—å–Ω—ñ—à–µ,20,381
Python Developer,Yael Acceptic,"–£–∫—Ä–∞—ó–Ω–∞ (–ö–∏—ó–≤, –•–∞—Ä–∫—ñ–≤)","['¬∑ Office –∞–±–æ Remote', '¬∑ 3 —Ä–æ–∫–∏ –¥–æ—Å–≤—ñ–¥—É', '¬∑ Intermediate']","Join our team as an experienced Python Developer, where you will take a role in building and optimizing our AWS cloud infrastructure. This position requires hands-on experience –î–µ—Ç–∞–ª—å–Ω—ñ—à–µ",43,166
Senior Python developer (Location - Germany),Confitech Dienstleistungs GmbH,–ù—ñ–º–µ—á—á–∏–Ω–∞,"['¬∑ Product', '¬∑ Office –∞–±–æ Remote', '¬∑ 5 —Ä–æ–∫—ñ–≤ –¥–æ—Å–≤—ñ–¥—É', '¬∑ Upper-Intermediate']","Please note This position requires the ability to work in the German office (Saarbr√ºcken) or remotely from any German region. It is required, that the candidate either –î–µ—Ç–∞–ª—å–Ω—ñ—à–µ",2,42
Senior Python Developer,Luxoft,–£–∫—Ä–∞—ó–Ω–∞,"['¬∑ Office –∞–±–æ Remote', '¬∑ 5 —Ä–æ–∫—ñ–≤ –¥–æ—Å–≤—ñ–¥—É', '¬∑ Upper-Intermediate']","Development of monitoring and diagnostics system. It fulfils both local and remote data access and analytics requirement, as well as local and remote troubleshooting –î–µ—Ç–∞–ª—å–Ω—ñ—à–µ",3,25
Senior Python Developer with AWS,Luxoft,–£–∫—Ä–∞—ó–Ω–∞,"['¬∑ Office –∞–±–æ Remote', '¬∑ 5 —Ä–æ–∫—ñ–≤ –¥–æ—Å–≤—ñ–¥—É', '¬∑ Upper-Intermediate']","Project Description: Development of monitoring and diagnostics system. It fulfils both local and remote data access and analytics requirement, as well as local and remote –î–µ—Ç–∞–ª—å–Ω—ñ—à–µ",2,32
Senior Python Developer with AWS,Luxoft,"–£–∫—Ä–∞—ó–Ω–∞ (–î–Ω—ñ–ø—Ä–æ, –ö–∏—ó–≤, –û–¥–µ—Å–∞)","['¬∑ Office –∞–±–æ Remote', '¬∑ 5 —Ä–æ–∫—ñ–≤ –¥–æ—Å–≤—ñ–¥—É', '¬∑ Upper-Intermediate']","Project Description:Development of monitoring and diagnostics system. It fulfils both local and remote data access and analytics requirement, as well as local and remote –î–µ—Ç–∞–ª—å–Ω—ñ—à–µ",1,14
Python + Django,JetUp,–£–∫—Ä–∞—ó–Ω–∞ (–•–º–µ–ª—å–Ω–∏—Ü—å–∫–∏–π),"['¬∑ Office –∞–±–æ Remote', '¬∑ 1 —Ä—ñ–∫ –¥–æ—Å–≤—ñ–¥—É', '¬∑ Pre-Intermediate']","JetUp Digital —à—É–∫–∞—î —Ä–æ–∑—Ä–æ–±–Ω–∏–∫–∞ Python + Django, –ø—Ä–æ—î–∫—Ç–Ω–∞ —Ä–æ–±–æ—Ç–∞. –ó–∞–≥–∞–ª–æ–º —î –ø—Ä–æ—î–∫—Ç (–∞–ª–µ Python + Django) –Ω–µ –Ω–∞—à —Å—Ç–µ–∫ —Ç–æ–º—É –≤–∏—Ä—ñ—à–∏–ª–∏ —Å–ø—Ä–æ–±—É–≤–∞—Ç–∏ –∑ –∫–∏–º–æ—Å—å –ø–æ–ø—Ä–∞—Ü—é–≤–∞—Ç–∏ –≤ —Ü—å–æ–º—É –î–µ—Ç–∞–ª—å–Ω—ñ—à–µ",191,618
Python (Odoo) Developer,ToDo LTD,–£–∫—Ä–∞—ó–Ω–∞ (–ö–∏—ó–≤),"['¬∑ Product', '¬∑ Office –∞–±–æ Remote', '¬∑ 1 —Ä—ñ–∫ –¥–æ—Å–≤—ñ–¥—É']","–í—ñ—Ç–∞—î–º–æ! –ú–∏ –∫–æ–º–∞–Ω–¥–∞ ToDo. –í—Ö–æ–¥–∏–º–æ –¥–æ —Å–∫–ª–∞–¥—É –≤–µ–ª–∏–∫–æ—ó —É–∫—Ä–∞—ó–Ω—Å—å–∫–æ—ó –Ü–¢ team, —â–æ –∑ 2003 —Ä–æ–∫—É —Å–ø–µ—Ü—ñ–∞–ª—ñ–∑—É—î—Ç—å—Å—è –Ω–∞ –∞–≤—Ç–æ–º–∞—Ç–∏–∑–∞—Ü—ñ—ó –±—ñ–∑–Ω–µ—Å-–ø—Ä–æ—Ü–µ—Å—ñ–≤. –†–∞–∑–æ–º –º–∏ –≤–ø—Ä–æ–≤–∞–¥–∂—É—î–º–æ IT-—Ä—ñ—à–µ–Ω–Ω—è –≤—ñ–¥ –î–µ—Ç–∞–ª—å–Ω—ñ—à–µ",37,170
Senior Python Software Engineer with Data Science experience (in Europe),Binariks,–£–∫—Ä–∞—ó–Ω–∞ (–õ—å–≤—ñ–≤),"['¬∑ Office –∞–±–æ Remote', '¬∑ 5 —Ä–æ–∫—ñ–≤ –¥–æ—Å–≤—ñ–¥—É', '¬∑ Upper-Intermediate']",Binariks is looking for a highly motivated and skilled Senior Python Software Engineer with Data Science experience. Location: Europe About the project: A –î–µ—Ç–∞–ª—å–Ω—ñ—à–µ,1,19
Junior Python Developer (full stack),Synergy Way,–£–∫—Ä–∞—ó–Ω–∞ (–õ—å–≤—ñ–≤),"['¬∑ –¢—ñ–ª—å–∫–∏ –æ—Ñ—ñ—Å', '¬∑ 1 —Ä—ñ–∫ –¥–æ—Å–≤—ñ–¥—É', '¬∑ Intermediate']",We are currently seeking a motivated and skilled Junior Python Developer with a passion for full-stack development. Required skills: - Minimum of one year of hands-on –î–µ—Ç–∞–ª—å–Ω—ñ—à–µ,98,507
Python developer,Project Ukraine,–£–∫—Ä–∞—ó–Ω–∞,"['¬∑ Product', '¬∑ –¢—ñ–ª—å–∫–∏ –≤—ñ–¥–¥–∞–ª–µ–Ω–æ', '¬∑ 2 —Ä–æ–∫–∏ –¥–æ—Å–≤—ñ–¥—É']","–ù–∞—à–∞ –∫–æ–º–ø–∞–Ω—ñ—è ‚Äì —Ü–µ –∫–æ–º–∞–Ω–¥–∞ –µ–Ω—Ç—É–∑—ñ–∞—Å—Ç—ñ–≤, —â–æ —Å—Ç–≤–æ—Ä—é—é—Ç—å –ø–µ—Ä–µ–¥—É–º–æ–≤–∏ –≤ IT –≥–∞–ª—É–∑—ñ –£–∫—Ä–∞—ó–Ω–∏ –¥–ª—è –ø–µ—Ä–µ—Ö–æ–¥—É —ñ–∑ –∞—É—Ç—Å–æ—Ä—Å—É –¥–æ —Ä–æ–±–æ—Ç–∏ –Ω–∞–¥ –≤–ª–∞—Å–Ω–∏–º–∏ –ø—Ä–æ–¥—É–∫—Ç–∞–º–∏. –†–∞–∑–æ–º —ñ–∑ –∑–∞—Ö—ñ–¥–Ω–∏–º–∏ –ø–∞—Ä—Ç–Ω–µ—Ä–∞–º–∏ –º–∏ –î–µ—Ç–∞–ª—å–Ω—ñ—à–µ",69,205
Software Engineer with VoIP experience,Respeecher,–£–∫—Ä–∞—ó–Ω–∞ (–ö–∏—ó–≤),"['¬∑ Product', '¬∑ Office –∞–±–æ Remote', '¬∑ 5 —Ä–æ–∫—ñ–≤ –¥–æ—Å–≤—ñ–¥—É', '¬∑ Upper-Intermediate']",We are looking for a Senior Software Engineer who will help us to build infrastructure for deploying real-time machine learning models. Benefits - Make cutting edge –î–µ—Ç–∞–ª—å–Ω—ñ—à–µ,4,64
Python Engineer (OCR and Document Processing),PLANEKS,–£–∫—Ä–∞—ó–Ω–∞,"['¬∑ –¢—ñ–ª—å–∫–∏ –≤—ñ–¥–¥–∞–ª–µ–Ω–æ', '¬∑ 2 —Ä–æ–∫–∏ –¥–æ—Å–≤—ñ–¥—É', '¬∑ Upper-Intermediate']",Let‚Äôs start with what PLANEKS offers: 0. Fast and comfortable hiring process. 1. 100% remote work opportunity and flexitime - choose working hours between 8:00-20:00. 2. –î–µ—Ç–∞–ª—å–Ω—ñ—à–µ,20,170
Middle Python Developer,COMPARUS UA,–£–∫—Ä–∞—ó–Ω–∞ (–î–Ω—ñ–ø—Ä–æ),"['¬∑ Product', '¬∑ –¢—ñ–ª—å–∫–∏ –æ—Ñ—ñ—Å', '¬∑ 2 —Ä–æ–∫–∏ –¥–æ—Å–≤—ñ–¥—É', '¬∑ Intermediate']","–ù–∞—à–∞ —Å–ø—ñ–≤–ø—Ä–∞—Ü—è –ø–µ—Ä–µ–¥–±–∞—á–∞—î —Ä–æ–±–æ—Ç—É —Ç—ñ–ª—å–∫–∏ –≤ –æ—Ñ—ñ—Å—ñ –≤ –º—ñ—Å—Ç—ñ –î–Ω—ñ–ø—Ä–æ! –ú–∏ ‚Äî –ø—Ä–æ–¥—É–∫—Ç–æ–≤–∞ –∫–æ–º–∞–Ω–¥–∞, —â–æ —Å—Ç–≤–æ—Ä—é—î –¥–æ–¥–∞—Ç–æ–∫, –∑–¥–∞—Ç–Ω–∏–π –≤–∏–ª—É—á–∞—Ç–∏ —Ç–∞ —Å—Ç—Ä—É–∫—Ç—É—Ä—É–≤–∞—Ç–∏ –¥–∞–Ω—ñ –∑—ñ —Å–∫–∞–Ω–æ–≤–∞–Ω–∏—Ö —á–∏ –î–µ—Ç–∞–ª—å–Ω—ñ—à–µ",4,138
Large Language Model (LLM) Engineer,BVG,"–ë–æ–ª–≥–∞—Ä—ñ—è, –Ü—Å–ø–∞–Ω—ñ—è, –£–∫—Ä–∞—ó–Ω–∞","['¬∑ –¢—ñ–ª—å–∫–∏ –≤—ñ–¥–¥–∞–ª–µ–Ω–æ', '¬∑ 3 —Ä–æ–∫–∏ –¥–æ—Å–≤—ñ–¥—É', '¬∑ Upper-Intermediate']","We are seeking a dedicated Large Language Model (LLM) Engineer to join our AI team. The ideal candidate will be responsible for developing, fine-tuning, and deploying language –î–µ—Ç–∞–ª—å–Ω—ñ—à–µ",3,28
Middle to Senior Python Engineer,BVG,"–ë–æ–ª–≥–∞—Ä—ñ—è, –Ü—Å–ø–∞–Ω—ñ—è, –£–∫—Ä–∞—ó–Ω–∞","['¬∑ –¢—ñ–ª—å–∫–∏ –≤—ñ–¥–¥–∞–ª–µ–Ω–æ', '¬∑ 3 —Ä–æ–∫–∏ –¥–æ—Å–≤—ñ–¥—É', '¬∑ Upper-Intermediate']","As a Middle to Senior Python Engineer, you will be instrumental in developing complex applications, collaborating with cross-functional teams, and pushing the boundaries of what's –î–µ—Ç–∞–ª—å–Ω—ñ—à–µ",11,46
Python Developer,OCTY,–ï—Å—Ç–æ–Ω—ñ—è,"['¬∑ –¢—ñ–ª—å–∫–∏ –≤—ñ–¥–¥–∞–ª–µ–Ω–æ', '¬∑ 1 —Ä—ñ–∫ –¥–æ—Å–≤—ñ–¥—É', '¬∑ Upper-Intermediate']","About us: Our company works with startups - develop, launch and improve them with modern technologies. Our entire friendly team of talented software engineers work remotely, –î–µ—Ç–∞–ª—å–Ω—ñ—à–µ",119,404
Middle Python Developer,Dataforest,"–ü–æ–ª—å—â–∞, –£–∫—Ä–∞—ó–Ω–∞ (–ö–∏—ó–≤)","['¬∑ Office –∞–±–æ Remote', '¬∑ 2 —Ä–æ–∫–∏ –¥–æ—Å–≤—ñ–¥—É', '¬∑ Intermediate']","Looking for a Middle Python Developer to join the Dataforest team. If you are looking for a friendly team, a healthy working environment, and a flexible schedule ‚Äí you have found –î–µ—Ç–∞–ª—å–Ω—ñ—à–µ",27,180
Tech Lead Data Engineer (Python),FF Group,"–ß–µ—Ö—ñ—è, –£–∫—Ä–∞—ó–Ω–∞ (–ö–∏—ó–≤)","['¬∑ Product', '¬∑ Office –∞–±–æ Remote', '¬∑ 3 —Ä–æ–∫–∏ –¥–æ—Å–≤—ñ–¥—É', '¬∑ Intermediate']",Required work experience: 3‚Äì6 years Type of employment: full-time Who we are FF Group is an innovative data solution provider with 10 years of experience creating –î–µ—Ç–∞–ª—å–Ω—ñ—à–µ,16,69
Junior Python Developer,CheckLab,"–í–µ–ª–∏–∫–∞ –ë—Ä–∏—Ç–∞–Ω—ñ—è, –°–ø–æ–ª—É—á–µ–Ω—ñ –®—Ç–∞—Ç–∏","['¬∑ Product', '¬∑ –¢—ñ–ª—å–∫–∏ –≤—ñ–¥–¥–∞–ª–µ–Ω–æ', '¬∑ 2 —Ä–æ–∫–∏ –¥–æ—Å–≤—ñ–¥—É', '¬∑ Pre-Intermediate']",You should be able to pick some code and understand how to integrate it in Django to build AI-Marketing Product. Our goal - create Auto-Marketer PPC Tool. Your experience –î–µ—Ç–∞–ª—å–Ω—ñ—à–µ,121,469
Python developer with Cloud and DevOps experience,Luxoft,"–£–∫—Ä–∞—ó–Ω–∞ (–î–Ω—ñ–ø—Ä–æ, –ö–∏—ó–≤, –û–¥–µ—Å–∞)","['¬∑ Office –∞–±–æ Remote', '¬∑ 2 —Ä–æ–∫–∏ –¥–æ—Å–≤—ñ–¥—É', '¬∑ Upper-Intermediate']",Project Description: One of the world's largest providers of products and services to the energy industry has a need to develop and support cloud-based enterprise information –î–µ—Ç–∞–ª—å–Ω—ñ—à–µ,12,65
Senior - Regular Python Developer ( EST working hours),Luxoft,–£–∫—Ä–∞—ó–Ω–∞,"['¬∑ Office –∞–±–æ Remote', '¬∑ 3 —Ä–æ–∫–∏ –¥–æ—Å–≤—ñ–¥—É', '¬∑ Upper-Intermediate']","Project Description: Applying to the position, you may join one of the most respected and fastest growing institutional investors in the world. Our client is a professional –î–µ—Ç–∞–ª—å–Ω—ñ—à–µ",14,89
Pyton Developer 4+ years exp,Addstrategix,–£–∫—Ä–∞—ó–Ω–∞,"['¬∑ –¢—ñ–ª—å–∫–∏ –≤—ñ–¥–¥–∞–ª–µ–Ω–æ', '¬∑ 5 —Ä–æ–∫—ñ–≤ –¥–æ—Å–≤—ñ–¥—É']","Responsibilities: ‚óè Design and develop REST APIs to support the front-end applications and the core product. ‚óè Collaborate with the business unit to identify, design, and –î–µ—Ç–∞–ª—å–Ω—ñ—à–µ",7,43
